id,name,active,make_id,created_at,updated_at
100,X6,t,bmw,2017-01-16 09:06:17+01,2018-01-29 12:57:44.944+01
1001,Prius,t,toyota,2017-01-16 09:06:17+01,2018-01-29 12:57:44.944+01
1004,Dokker Van,t,renault,2017-01-16 09:06:17+01,2018-01-29 12:57:44.944+01
1005,Logan Van,t,renault,2017-01-16 09:06:17+01,2018-01-29 12:57:44.944+01
1007,Trafic,t,renault,2017-01-16 09:06:17+01,2018-01-29 12:57:44.944+01
101,X6M,t,bmw,2017-01-16 09:06:17+01,2018-01-29 12:57:44.944+01
1013,Creta,t,hyundai,2017-01-16 09:06:17+01,2018-01-29 12:57:44.944+01
1014,M600,f,noble,2017-01-16 09:06:17+01,2018-01-29 12:57:44.944+01
1015,View C1 Minibus,f,foton,2017-01-16 09:06:17+01,2018-01-29 12:57:44.944+01
1016,Tunland,f,foton,2017-01-16 09:06:17+01,2018-01-29 12:57:44.944+01
1017,SUP,f,foton,2017-01-16 09:06:17+01,2018-01-29 12:57:44.944+01
1019,9-5,t,saab,2017-01-16 09:06:17+01,2018-01-29 12:57:44.944+01
1020,9-3,t,saab,2017-01-16 09:06:17+01,2018-01-29 12:57:44.944+01
1021,Elise,t,lotus,2017-01-16 09:06:17+01,2018-01-29 12:57:44.944+01
1022,Yumsun,f,zna,2017-01-16 09:06:17+01,2018-01-29 12:57:44.944+01
1023,Rich,f,zna,2017-01-16 09:06:17+01,2018-01-29 12:57:44.944+01
1024,Oting,f,zna,2017-01-16 09:06:17+01,2018-01-29 12:57:44.944+01
1025,J4,f,jac,2017-01-16 09:06:17+01,2018-01-29 12:57:44.944+01
1026,J5,f,jac,2017-01-16 09:06:17+01,2018-01-29 12:57:44.944+01
1027,J6,f,jac,2017-01-16 09:06:17+01,2018-01-29 12:57:44.944+01
1028,M5 MPV,f,jac,2017-01-16 09:06:17+01,2018-01-29 12:57:44.944+01
1030,C8,f,spyker,2017-01-16 09:06:17+01,2018-01-29 12:57:44.944+01
1034,X-Type,t,jaguar,2017-01-16 09:06:17+01,2018-01-29 12:57:44.944+01
1036,MU-X,f,isuzu,2017-01-16 09:06:17+01,2018-01-29 12:57:44.944+01
1037,Commander,t,jeep,2017-01-16 09:06:17+01,2018-01-29 12:57:44.944+01
1038,Emgrand 7,f,geely,2017-01-16 09:06:17+01,2018-01-29 12:57:44.944+01
1039,GX2,f,geely,2017-01-16 09:06:17+01,2018-01-29 12:57:44.944+01
104,Z4,t,bmw,2017-01-16 09:06:17+01,2018-01-29 12:57:44.944+01
1040,Emgrand 8,f,geely,2017-01-16 09:06:17+01,2018-01-29 12:57:44.944+01
1041,GC6,f,geely,2017-01-16 09:06:17+01,2018-01-29 12:57:44.944+01
1042,GC7,f,geely,2017-01-16 09:06:17+01,2018-01-29 12:57:44.944+01
1043,Emgrand X7,f,geely,2017-01-16 09:06:17+01,2018-01-29 12:57:44.944+01
1044,GC2,f,geely,2017-01-16 09:06:17+01,2018-01-29 12:57:44.944+01
1045,CK,f,geely,2017-01-16 09:06:17+01,2018-01-29 12:57:44.944+01
1047,Boxer,t,peugeot,2017-01-16 09:06:17+01,2018-01-29 12:57:44.944+01
1048,F6,f,byd,2017-01-16 09:06:17+01,2018-01-29 12:57:44.944+01
1049,S6,f,byd,2017-01-16 09:06:17+01,2018-01-29 12:57:44.944+01
1050,F3,f,byd,2017-01-16 09:06:17+01,2018-01-29 12:57:44.944+01
1051,MDX,t,acura,2017-01-16 09:06:17+01,2018-01-29 12:57:44.944+01
1052,TLX,t,acura,2017-01-16 09:06:17+01,2018-01-29 12:57:44.944+01
1054,488,t,ferrari,2017-01-16 09:06:17+01,2018-01-29 12:57:44.944+01
1055,GA5,f,gac,2017-01-16 09:06:17+01,2018-01-29 12:57:44.944+01
1056,GS5,f,gac,2017-01-16 09:06:17+01,2018-01-29 12:57:44.944+01
1057,GA3,f,gac,2017-01-16 09:06:17+01,2018-01-29 12:57:44.944+01
1058,A5,f,baic,2017-01-16 09:06:17+01,2018-01-29 12:57:44.944+01
1059,A1,f,baic,2017-01-16 09:06:17+01,2018-01-29 12:57:44.944+01
1061,DS5,t,citroen,2017-01-16 09:06:17+01,2018-01-29 12:57:44.944+01
1062,Carry,t,suzuki,2017-01-16 09:06:17+01,2018-01-29 12:57:44.944+01
1063,Vitara,t,suzuki,2017-01-16 09:06:17+01,2018-01-29 12:57:44.944+01
1065,Spirra,f,oullim,2017-01-16 09:06:17+01,2018-01-29 12:57:44.944+01
1066,Gran Max Pickup,f,daihatsu,2017-01-16 09:06:17+01,2018-01-29 12:57:44.944+01
1067,Gran Max Van,f,daihatsu,2017-01-16 09:06:17+01,2018-01-29 12:57:44.944+01
1068,X-Bow,f,ktm,2017-01-16 09:06:17+01,2018-01-29 12:57:44.944+01
1070,Huayra,t,pagani,2017-01-16 09:06:17+01,2018-01-29 12:57:44.944+01
1071,CCX,t,koenigsegg,2017-01-16 09:06:17+01,2018-01-29 12:57:44.944+01
1072,Z7,f,cmc,2017-01-16 09:06:17+01,2018-01-29 12:57:44.944+01
1073,350 C,t,mg,2017-01-16 09:06:17+01,2018-01-29 12:57:44.944+01
1074,GS,t,mg,2017-01-16 09:06:17+01,2018-01-29 12:57:44.944+01
1075,3,t,mg,2017-01-16 09:06:17+01,2018-01-29 12:57:44.944+01
1076,550,t,mg,2017-01-16 09:06:17+01,2018-01-29 12:57:44.944+01
1077,6,t,mg,2017-01-16 09:06:17+01,2018-01-29 12:57:44.944+01
1078,5,t,mg,2017-01-16 09:06:17+01,2018-01-29 12:57:44.944+01
1079,750,t,mg,2017-01-16 09:06:17+01,2018-01-29 12:57:44.944+01
1080,Scorpio,f,mahindra,2017-01-16 09:06:17+01,2018-01-29 12:57:44.944+01
1081,S30,f,dongfeng,2017-01-16 09:06:17+01,2018-01-29 12:57:44.944+01
1082,H30 Cross,f,dongfeng,2017-01-16 09:06:17+01,2018-01-29 12:57:44.944+01
1086,S2000,t,honda,2017-01-16 09:06:17+01,2018-01-29 12:57:44.944+01
1087,Tivoli,f,ssangyong,2017-01-16 09:06:17+01,2018-01-29 12:57:44.944+01
1088,Kyron,f,ssangyong,2017-01-16 09:06:17+01,2018-01-29 12:57:44.944+01
1089,Rexton,f,ssangyong,2017-01-16 09:06:17+01,2018-01-29 12:57:44.944+01
1090,Musso,f,ssangyong,2017-01-16 09:06:17+01,2018-01-29 12:57:44.944+01
1091,Korando,f,ssangyong,2017-01-16 09:06:17+01,2018-01-29 12:57:44.944+01
1092,Rodius,f,ssangyong,2017-01-16 09:06:17+01,2018-01-29 12:57:44.944+01
1093,Actyon,f,ssangyong,2017-01-16 09:06:17+01,2018-01-29 12:57:44.944+01
1094,Eclipse,t,mitsubishi,2017-01-16 09:06:17+01,2018-01-29 12:57:44.944+01
1095,Montero,t,mitsubishi,2017-01-16 09:06:17+01,2018-01-29 12:57:44.944+01
1096,MXT,f,international,2017-01-16 09:06:17+01,2018-01-29 12:57:44.944+01
1097,H530,f,brilliance,2017-01-16 09:06:17+01,2018-01-29 12:57:44.944+01
1098,FRV Cross,f,brilliance,2017-01-16 09:06:17+01,2018-01-29 12:57:44.944+01
1099,FRV,f,brilliance,2017-01-16 09:06:17+01,2018-01-29 12:57:44.944+01
110,Veyron,t,bugatti,2017-01-16 09:06:17+01,2018-01-29 12:57:44.944+01
1100,V5,f,brilliance,2017-01-16 09:06:17+01,2018-01-29 12:57:44.944+01
1101,FSV,f,brilliance,2017-01-16 09:06:17+01,2018-01-29 12:57:44.944+01
1106,Mini Van,f,king-long,2017-01-16 09:06:17+01,2018-01-29 12:57:44.944+01
1107,Epica,t,chevrolet,2017-01-16 09:06:17+01,2018-01-29 12:57:44.944+01
1108,Avalanche,t,chevrolet,2017-01-16 09:06:17+01,2018-01-29 12:57:44.944+01
1110,S5,f,luxgen,2017-01-16 09:06:17+01,2018-01-29 12:57:44.944+01
1111,Luxgen7 MPV,f,luxgen,2017-01-16 09:06:17+01,2018-01-29 12:57:44.944+01
1112,Luxgen7 SUV,f,luxgen,2017-01-16 09:06:17+01,2018-01-29 12:57:44.944+01
1113,U6,f,luxgen,2017-01-16 09:06:17+01,2018-01-29 12:57:44.944+01
1114,Edge,t,ford,2017-01-16 09:06:17+01,2018-01-29 12:57:44.944+01
1116,1500,t,ram,2017-01-16 09:06:17+01,2018-01-29 12:57:44.944+01
1123,M2,t,bmw,2017-01-16 09:06:17+01,2018-01-29 12:57:44.944+01
1124,Waja,f,proton,2017-01-16 09:06:17+01,2018-01-29 12:57:44.944+01
1125,Savvy,f,proton,2017-01-16 09:06:17+01,2018-01-29 12:57:44.944+01
1126,GEN-2,f,proton,2017-01-16 09:06:17+01,2018-01-29 12:57:44.944+01
1127,Wira,f,proton,2017-01-16 09:06:17+01,2018-01-29 12:57:44.944+01
1129,Vantage,t,aston-martin,2017-01-16 09:06:17+01,2018-01-29 12:57:44.944+01
1133,LR3,t,land-rover,2017-01-16 09:06:17+01,2018-01-29 12:57:44.944+01
1139,Karma,f,fisker,2017-01-16 09:06:17+01,2018-01-29 12:57:44.944+01
1140,Indica,t,tata,2017-01-16 09:06:17+01,2018-01-29 12:57:44.944+01
1141,Indigo,t,tata,2017-01-16 09:06:17+01,2018-01-29 12:57:44.944+01
1142,Arrizo 7,f,chery,2017-01-16 09:06:17+01,2018-01-29 12:57:44.944+01
1143,E8,f,chery,2017-01-16 09:06:17+01,2018-01-29 12:57:44.944+01
1144,V5 Crossover,f,chery,2017-01-16 09:06:17+01,2018-01-29 12:57:44.944+01
1145,E5,f,chery,2017-01-16 09:06:17+01,2018-01-29 12:57:44.944+01
1146,B11 Oriental Son,f,chery,2017-01-16 09:06:17+01,2018-01-29 12:57:44.944+01
1147,S11 QQ,f,chery,2017-01-16 09:06:17+01,2018-01-29 12:57:44.944+01
1148,Tiggo 5,f,chery,2017-01-16 09:06:17+01,2018-01-29 12:57:44.944+01
1149,T11 Tiggo,f,chery,2017-01-16 09:06:17+01,2018-01-29 12:57:44.944+01
1150,A11 Windcloud,f,chery,2017-01-16 09:06:17+01,2018-01-29 12:57:44.944+01
1151,Mokka,t,opel,2017-01-16 09:06:17+01,2018-01-29 12:57:44.944+01
1152,570 S,t,mclaren,2017-01-16 09:06:17+01,2018-01-29 12:57:44.944+01
1153,540C,t,mclaren,2017-01-16 09:06:17+01,2018-01-29 12:57:44.944+01
1154,675,t,mclaren,2017-01-16 09:06:17+01,2018-01-29 12:57:44.944+01
1159,GLA-Class,t,mercedes-benz,2017-01-16 09:06:17+01,2018-01-29 12:57:44.944+01
1167,GLC-Class,t,mercedes-benz,2017-01-16 09:06:17+01,2018-01-29 12:57:44.944+01
1168,Florid,f,great-wall,2017-01-16 09:06:17+01,2018-01-29 12:57:44.944+01
1169,Wingle,f,great-wall,2017-01-16 09:06:17+01,2018-01-29 12:57:44.944+01
1172,CS75,f,changan,2017-01-16 09:06:17+01,2018-01-29 12:57:44.944+01
1173,CS35,f,changan,2017-01-16 09:06:17+01,2018-01-29 12:57:44.944+01
1174,Eado,f,changan,2017-01-16 09:06:17+01,2018-01-29 12:57:44.944+01
1176,RS3,t,audi,2017-01-16 09:06:17+01,2018-01-29 12:57:44.944+01
1178,S6,t,audi,2017-01-16 09:06:17+01,2018-01-29 12:57:44.944+01
1179,RS Q3,t,audi,2017-01-16 09:06:17+01,2018-01-29 12:57:44.944+01
1180,Speedster,f,pgo,2017-01-16 09:06:17+01,2018-01-29 12:57:44.944+01
1181,Cevennes,f,pgo,2017-01-16 09:06:17+01,2018-01-29 12:57:44.944+01
1182,Legacy,t,subaru,2017-01-16 09:06:17+01,2018-01-29 12:57:44.944+01
12,147,t,alfa-romeo,2017-01-16 09:06:17+01,2018-01-29 12:57:44.944+01
125,ATS,t,cadillac,2017-01-16 09:06:17+01,2018-01-29 12:57:44.944+01
126,BLS,t,cadillac,2017-01-16 09:06:17+01,2018-01-29 12:57:44.944+01
127,CTS,t,cadillac,2017-01-16 09:06:17+01,2018-01-29 12:57:44.944+01
129,DTS,t,cadillac,2017-01-16 09:06:17+01,2018-01-29 12:57:44.944+01
13,156,t,alfa-romeo,2017-01-16 09:06:17+01,2018-01-29 12:57:44.944+01
130,Escalade,t,cadillac,2017-01-16 09:06:17+01,2018-01-29 12:57:44.944+01
133,SLS,t,cadillac,2017-01-16 09:06:17+01,2018-01-29 12:57:44.944+01
134,SRX,t,cadillac,2017-01-16 09:06:17+01,2018-01-29 12:57:44.944+01
135,STS,t,cadillac,2017-01-16 09:06:17+01,2018-01-29 12:57:44.944+01
136,XLR,t,cadillac,2017-01-16 09:06:17+01,2018-01-29 12:57:44.944+01
137,XTS,t,cadillac,2017-01-16 09:06:17+01,2018-01-29 12:57:44.944+01
14,159,t,alfa-romeo,2017-01-16 09:06:17+01,2018-01-29 12:57:44.944+01
15,166,t,alfa-romeo,2017-01-16 09:06:17+01,2018-01-29 12:57:44.944+01
150,Aveo,t,chevrolet,2017-01-16 09:06:17+01,2018-01-29 12:57:44.944+01
154,Camaro,t,chevrolet,2017-01-16 09:06:17+01,2018-01-29 12:57:44.944+01
155,Caprice,t,chevrolet,2017-01-16 09:06:17+01,2018-01-29 12:57:44.944+01
156,Captiva,t,chevrolet,2017-01-16 09:06:17+01,2018-01-29 12:57:44.944+01
16,4C,t,alfa-romeo,2017-01-16 09:06:17+01,2018-01-29 12:57:44.944+01
163,Colorado,t,chevrolet,2017-01-16 09:06:17+01,2018-01-29 12:57:44.944+01
164,Corvette,t,chevrolet,2017-01-16 09:06:17+01,2018-01-29 12:57:44.944+01
166,Cruze,t,chevrolet,2017-01-16 09:06:17+01,2018-01-29 12:57:44.944+01
167,CSV CR8,t,chevrolet,2017-01-16 09:06:17+01,2018-01-29 12:57:44.944+01
17,Brera,t,alfa-romeo,2017-01-16 09:06:17+01,2018-01-29 12:57:44.944+01
172,Impala,t,chevrolet,2017-01-16 09:06:17+01,2018-01-29 12:57:44.944+01
176,Lumina,t,chevrolet,2017-01-16 09:06:17+01,2018-01-29 12:57:44.944+01
177,Malibu,t,chevrolet,2017-01-16 09:06:17+01,2018-01-29 12:57:44.944+01
18,Giulietta,t,alfa-romeo,2017-01-16 09:06:17+01,2018-01-29 12:57:44.944+01
180,Optra,t,chevrolet,2017-01-16 09:06:17+01,2018-01-29 12:57:44.944+01
183,Silverado,t,chevrolet,2017-01-16 09:06:17+01,2018-01-29 12:57:44.944+01
184,Sonic,t,chevrolet,2017-01-16 09:06:17+01,2018-01-29 12:57:44.944+01
185,Spark,t,chevrolet,2017-01-16 09:06:17+01,2018-01-29 12:57:44.944+01
187,Suburban,t,chevrolet,2017-01-16 09:06:17+01,2018-01-29 12:57:44.944+01
19,GTV,t,alfa-romeo,2017-01-16 09:06:17+01,2018-01-29 12:57:44.944+01
190,T-Series,t,chevrolet,2017-01-16 09:06:17+01,2018-01-29 12:57:44.944+01
191,Tahoe,t,chevrolet,2017-01-16 09:06:17+01,2018-01-29 12:57:44.944+01
193,TrailBlazer,t,chevrolet,2017-01-16 09:06:17+01,2018-01-29 12:57:44.944+01
194,Traverse,t,chevrolet,2017-01-16 09:06:17+01,2018-01-29 12:57:44.944+01
195,Trax,t,chevrolet,2017-01-16 09:06:17+01,2018-01-29 12:57:44.944+01
196,Uplander,t,chevrolet,2017-01-16 09:06:17+01,2018-01-29 12:57:44.944+01
199,200,t,chrysler,2017-01-16 09:06:17+01,2018-01-29 12:57:44.944+01
20,MiTo,t,alfa-romeo,2017-01-16 09:06:17+01,2018-01-29 12:57:44.944+01
201,300,t,chrysler,2017-01-16 09:06:17+01,2018-01-29 12:57:44.944+01
205,Crossfire,t,chrysler,2017-01-16 09:06:17+01,2018-01-29 12:57:44.944+01
206,Grand Voyager,t,chrysler,2017-01-16 09:06:17+01,2018-01-29 12:57:44.944+01
208,PT Cruiser,t,chrysler,2017-01-16 09:06:17+01,2018-01-29 12:57:44.944+01
209,Sebring,t,chrysler,2017-01-16 09:06:17+01,2018-01-29 12:57:44.944+01
21,Spider,t,alfa-romeo,2017-01-16 09:06:17+01,2018-01-29 12:57:44.944+01
212,C-Elysee,t,citroen,2017-01-16 09:06:17+01,2018-01-29 12:57:44.944+01
213,C2,t,citroen,2017-01-16 09:06:17+01,2018-01-29 12:57:44.944+01
214,C3,t,citroen,2017-01-16 09:06:17+01,2018-01-29 12:57:44.944+01
215,C4,t,citroen,2017-01-16 09:06:17+01,2018-01-29 12:57:44.944+01
216,C4 Picasso,t,citroen,2017-01-16 09:06:17+01,2018-01-29 12:57:44.944+01
217,C5,t,citroen,2017-01-16 09:06:17+01,2018-01-29 12:57:44.944+01
218,C8,t,citroen,2017-01-16 09:06:17+01,2018-01-29 12:57:44.944+01
219,DS3,t,citroen,2017-01-16 09:06:17+01,2018-01-29 12:57:44.944+01
22,DB7,t,aston-martin,2017-01-16 09:06:17+01,2018-01-29 12:57:44.944+01
220,DS4,t,citroen,2017-01-16 09:06:17+01,2018-01-29 12:57:44.944+01
221,Saxo,t,citroen,2017-01-16 09:06:17+01,2018-01-29 12:57:44.944+01
222,Xsara Picasso,t,citroen,2017-01-16 09:06:17+01,2018-01-29 12:57:44.944+01
224,Charade,f,daihatsu,2017-01-16 09:06:17+01,2018-01-29 12:57:44.944+01
225,Materia,f,daihatsu,2017-01-16 09:06:17+01,2018-01-29 12:57:44.944+01
226,Sirion,f,daihatsu,2017-01-16 09:06:17+01,2018-01-29 12:57:44.944+01
227,Terios,f,daihatsu,2017-01-16 09:06:17+01,2018-01-29 12:57:44.944+01
228,YRV,f,daihatsu,2017-01-16 09:06:17+01,2018-01-29 12:57:44.944+01
229,Avenger,t,dodge,2017-01-16 09:06:17+01,2018-01-29 12:57:44.944+01
23,DB9,t,aston-martin,2017-01-16 09:06:17+01,2018-01-29 12:57:44.944+01
231,Caliber,t,dodge,2017-01-16 09:06:17+01,2018-01-29 12:57:44.944+01
233,Challenger,t,dodge,2017-01-16 09:06:17+01,2018-01-29 12:57:44.944+01
234,Charger,t,dodge,2017-01-16 09:06:17+01,2018-01-29 12:57:44.944+01
235,Dakota,t,dodge,2017-01-16 09:06:17+01,2018-01-29 12:57:44.944+01
237,Dart,t,dodge,2017-01-16 09:06:17+01,2018-01-29 12:57:44.944+01
238,Durango,t,dodge,2017-01-16 09:06:17+01,2018-01-29 12:57:44.944+01
244,Nitro,t,dodge,2017-01-16 09:06:17+01,2018-01-29 12:57:44.944+01
245,Ram,t,dodge,2017-01-16 09:06:17+01,2018-01-29 12:57:44.944+01
25,DBS,t,aston-martin,2017-01-16 09:06:17+01,2018-01-29 12:57:44.944+01
252,Viper,t,dodge,2017-01-16 09:06:17+01,2018-01-29 12:57:44.944+01
253,360,t,ferrari,2017-01-16 09:06:17+01,2018-01-29 12:57:44.944+01
256,458,t,ferrari,2017-01-16 09:06:17+01,2018-01-29 12:57:44.944+01
259,599,t,ferrari,2017-01-16 09:06:17+01,2018-01-29 12:57:44.944+01
26,One 77,t,aston-martin,2017-01-16 09:06:17+01,2018-01-29 12:57:44.944+01
260,612 Scaglietti,t,ferrari,2017-01-16 09:06:17+01,2018-01-29 12:57:44.944+01
261,California,t,ferrari,2017-01-16 09:06:17+01,2018-01-29 12:57:44.944+01
263,F12,t,ferrari,2017-01-16 09:06:17+01,2018-01-29 12:57:44.944+01
264,F430,t,ferrari,2017-01-16 09:06:17+01,2018-01-29 12:57:44.944+01
266,FF,t,ferrari,2017-01-16 09:06:17+01,2018-01-29 12:57:44.944+01
267,La Ferrari,t,ferrari,2017-01-16 09:06:17+01,2018-01-29 12:57:44.944+01
268,500,t,fiat,2017-01-16 09:06:17+01,2018-01-29 12:57:44.944+01
27,Rapide,t,aston-martin,2017-01-16 09:06:17+01,2018-01-29 12:57:44.944+01
272,Bravo,t,fiat,2017-01-16 09:06:17+01,2018-01-29 12:57:44.944+01
273,Ducato,t,fiat,2017-01-16 09:06:17+01,2018-01-29 12:57:44.944+01
274,Fiorino,t,fiat,2017-01-16 09:06:17+01,2018-01-29 12:57:44.944+01
275,Linea,t,fiat,2017-01-16 09:06:17+01,2018-01-29 12:57:44.944+01
277,Punto,t,fiat,2017-01-16 09:06:17+01,2018-01-29 12:57:44.944+01
280,Crown Victoria,t,ford,2017-01-16 09:06:17+01,2018-01-29 12:57:44.944+01
282,EcoSport,t,ford,2017-01-16 09:06:17+01,2018-01-29 12:57:44.944+01
284,Escape,t,ford,2017-01-16 09:06:17+01,2018-01-29 12:57:44.944+01
286,Everest,t,ford,2017-01-16 09:06:17+01,2018-01-29 12:57:44.944+01
288,Expedition,t,ford,2017-01-16 09:06:17+01,2018-01-29 12:57:44.944+01
289,Explorer,t,ford,2017-01-16 09:06:17+01,2018-01-29 12:57:44.944+01
290,F150,t,ford,2017-01-16 09:06:17+01,2018-01-29 12:57:44.944+01
297,Fiesta,t,ford,2017-01-16 09:06:17+01,2018-01-29 12:57:44.944+01
300,Figo,t,ford,2017-01-16 09:06:17+01,2018-01-29 12:57:44.944+01
301,Five Hundred,t,ford,2017-01-16 09:06:17+01,2018-01-29 12:57:44.944+01
302,FLEX,t,ford,2017-01-16 09:06:17+01,2018-01-29 12:57:44.944+01
303,Focus,t,ford,2017-01-16 09:06:17+01,2018-01-29 12:57:44.944+01
306,Freestar,t,ford,2017-01-16 09:06:17+01,2018-01-29 12:57:44.944+01
308,Fusion,t,ford,2017-01-16 09:06:17+01,2018-01-29 12:57:44.944+01
310,GT,t,ford,2017-01-16 09:06:17+01,2018-01-29 12:57:44.944+01
311,Mondeo,t,ford,2017-01-16 09:06:17+01,2018-01-29 12:57:44.944+01
312,Mustang,t,ford,2017-01-16 09:06:17+01,2018-01-29 12:57:44.944+01
314,Ranger,t,ford,2017-01-16 09:06:17+01,2018-01-29 12:57:44.944+01
317,Taurus,t,ford,2017-01-16 09:06:17+01,2018-01-29 12:57:44.944+01
328,Acadia,t,gmc,2017-01-16 09:06:17+01,2018-01-29 12:57:44.944+01
33,Vanquish,t,aston-martin,2017-01-16 09:06:17+01,2018-01-29 12:57:44.944+01
330,Envoy,t,gmc,2017-01-16 09:06:17+01,2018-01-29 12:57:44.944+01
335,Sierra,t,gmc,2017-01-16 09:06:17+01,2018-01-29 12:57:44.944+01
338,Terrain,t,gmc,2017-01-16 09:06:17+01,2018-01-29 12:57:44.944+01
339,Yukon,t,gmc,2017-01-16 09:06:17+01,2018-01-29 12:57:44.944+01
34,Zagato,t,aston-martin,2017-01-16 09:06:17+01,2018-01-29 12:57:44.944+01
342,Accord,t,honda,2017-01-16 09:06:17+01,2018-01-29 12:57:44.944+01
344,City,t,honda,2017-01-16 09:06:17+01,2018-01-29 12:57:44.944+01
345,Civic,t,honda,2017-01-16 09:06:17+01,2018-01-29 12:57:44.944+01
346,CRV,t,honda,2017-01-16 09:06:17+01,2018-01-29 12:57:44.944+01
349,CRX,t,honda,2017-01-16 09:06:17+01,2018-01-29 12:57:44.944+01
35,A1,t,audi,2017-01-16 09:06:17+01,2018-01-29 12:57:44.944+01
353,JAZZ,t,honda,2017-01-16 09:06:17+01,2018-01-29 12:57:44.944+01
354,Legend,t,honda,2017-01-16 09:06:17+01,2018-01-29 12:57:44.944+01
355,MRV,t,honda,2017-01-16 09:06:17+01,2018-01-29 12:57:44.944+01
356,Odyssey,t,honda,2017-01-16 09:06:17+01,2018-01-29 12:57:44.944+01
357,Pilot,t,honda,2017-01-16 09:06:17+01,2018-01-29 12:57:44.944+01
36,A3,t,audi,2017-01-16 09:06:17+01,2018-01-29 12:57:44.944+01
360,H2,t,hummer,2017-01-16 09:06:17+01,2018-01-29 12:57:44.944+01
362,H3,t,hummer,2017-01-16 09:06:17+01,2018-01-29 12:57:44.944+01
363,Accent,t,hyundai,2017-01-16 09:06:17+01,2018-01-29 12:57:44.944+01
364,Atos Prime,t,hyundai,2017-01-16 09:06:17+01,2018-01-29 12:57:44.944+01
365,Azera,t,hyundai,2017-01-16 09:06:17+01,2018-01-29 12:57:44.944+01
366,Centennial,t,hyundai,2017-01-16 09:06:17+01,2018-01-29 12:57:44.944+01
367,Coupe FX,t,hyundai,2017-01-16 09:06:17+01,2018-01-29 12:57:44.944+01
368,Elantra,t,hyundai,2017-01-16 09:06:17+01,2018-01-29 12:57:44.944+01
37,A4,t,audi,2017-01-16 09:06:17+01,2018-01-29 12:57:44.944+01
371,Genesis,t,hyundai,2017-01-16 09:06:17+01,2018-01-29 12:57:44.944+01
372,Getz,t,hyundai,2017-01-16 09:06:17+01,2018-01-29 12:57:44.944+01
373,Grand i10,t,hyundai,2017-01-16 09:06:17+01,2018-01-29 12:57:44.944+01
375,H1,t,hyundai,2017-01-16 09:06:17+01,2018-01-29 12:57:44.944+01
376,i10,t,hyundai,2017-01-16 09:06:17+01,2018-01-29 12:57:44.944+01
377,i20,t,hyundai,2017-01-16 09:06:17+01,2018-01-29 12:57:44.944+01
379,i30,t,hyundai,2017-01-16 09:06:17+01,2018-01-29 12:57:44.944+01
38,A5,t,audi,2017-01-16 09:06:17+01,2018-01-29 12:57:44.944+01
380,i40,t,hyundai,2017-01-16 09:06:17+01,2018-01-29 12:57:44.944+01
381,Matrix,t,hyundai,2017-01-16 09:06:17+01,2018-01-29 12:57:44.944+01
382,Santa Fe,t,hyundai,2017-01-16 09:06:17+01,2018-01-29 12:57:44.944+01
383,Sonata,t,hyundai,2017-01-16 09:06:17+01,2018-01-29 12:57:44.944+01
385,Terracan,t,hyundai,2017-01-16 09:06:17+01,2018-01-29 12:57:44.944+01
387,Trajet,t,hyundai,2017-01-16 09:06:17+01,2018-01-29 12:57:44.944+01
388,Tucson,t,hyundai,2017-01-16 09:06:17+01,2018-01-29 12:57:44.944+01
389,Veloster,t,hyundai,2017-01-16 09:06:17+01,2018-01-29 12:57:44.944+01
391,Veracruz,t,hyundai,2017-01-16 09:06:17+01,2018-01-29 12:57:44.944+01
393,EX,t,infiniti,2017-01-16 09:06:17+01,2018-01-29 12:57:44.944+01
395,FX,t,infiniti,2017-01-16 09:06:17+01,2018-01-29 12:57:44.944+01
397,G,t,infiniti,2017-01-16 09:06:17+01,2018-01-29 12:57:44.944+01
403,JX,t,infiniti,2017-01-16 09:06:17+01,2018-01-29 12:57:44.944+01
405,M,t,infiniti,2017-01-16 09:06:17+01,2018-01-29 12:57:44.944+01
41,A6,t,audi,2017-01-16 09:06:17+01,2018-01-29 12:57:44.944+01
410,Q,t,infiniti,2017-01-16 09:06:17+01,2018-01-29 12:57:44.944+01
414,QX,t,infiniti,2017-01-16 09:06:17+01,2018-01-29 12:57:44.944+01
42,A7,t,audi,2017-01-16 09:06:17+01,2018-01-29 12:57:44.944+01
420,D-Max,f,isuzu,2017-01-16 09:06:17+01,2018-01-29 12:57:44.944+01
422,Trooper,f,isuzu,2017-01-16 09:06:17+01,2018-01-29 12:57:44.944+01
427,F-Type,t,jaguar,2017-01-16 09:06:17+01,2018-01-29 12:57:44.944+01
428,S-Type,t,jaguar,2017-01-16 09:06:17+01,2018-01-29 12:57:44.944+01
43,A8,t,audi,2017-01-16 09:06:17+01,2018-01-29 12:57:44.944+01
430,XE,t,jaguar,2017-01-16 09:06:17+01,2018-02-13 09:59:57.729+01
431,XF,t,jaguar,2017-01-16 09:06:17+01,2018-02-13 09:59:57.729+01
433,XJ,t,jaguar,2017-01-16 09:06:17+01,2018-02-13 09:59:57.729+01
436,XK,t,jaguar,2017-01-16 09:06:17+01,2018-02-13 09:59:57.729+01
438,Cherokee,t,jeep,2017-01-16 09:06:17+01,2018-01-29 12:57:44.944+01
44,Q3,t,audi,2017-01-16 09:06:17+01,2018-01-29 12:57:44.944+01
440,Compass,t,jeep,2017-01-16 09:06:17+01,2018-01-29 12:57:44.944+01
441,Grand Cherokee,t,jeep,2017-01-16 09:06:17+01,2018-01-29 12:57:44.944+01
443,Patriot,t,jeep,2017-01-16 09:06:17+01,2018-01-29 12:57:44.944+01
444,Renegade,t,jeep,2017-01-16 09:06:17+01,2018-01-29 12:57:44.944+01
445,Wrangler,t,jeep,2017-01-16 09:06:17+01,2018-01-29 12:57:44.944+01
446,Wrangler Unlimited,t,jeep,2017-01-16 09:06:17+01,2018-01-29 12:57:44.944+01
448,Cadenza,t,kia,2017-01-16 09:06:17+01,2018-01-29 12:57:44.944+01
449,Carens,t,kia,2017-01-16 09:06:17+01,2018-01-29 12:57:44.944+01
45,Q5,t,audi,2017-01-16 09:06:17+01,2018-01-29 12:57:44.944+01
450,Carnival,t,kia,2017-01-16 09:06:17+01,2018-01-29 12:57:44.944+01
452,Cerato,t,kia,2017-01-16 09:06:17+01,2018-01-29 12:57:44.944+01
455,Mohave,t,kia,2017-01-16 09:06:17+01,2018-01-29 12:57:44.944+01
456,Opirus,t,kia,2017-01-16 09:06:17+01,2018-01-29 12:57:44.944+01
457,Optima,t,kia,2017-01-16 09:06:17+01,2018-01-29 12:57:44.944+01
458,Picanto,t,kia,2017-01-16 09:06:17+01,2018-01-29 12:57:44.944+01
459,Quoris,t,kia,2017-01-16 09:06:17+01,2018-01-29 12:57:44.944+01
46,Q7,t,audi,2017-01-16 09:06:17+01,2018-01-29 12:57:44.944+01
460,Rio,t,kia,2017-01-16 09:06:17+01,2018-01-29 12:57:44.944+01
464,Sorento,t,kia,2017-01-16 09:06:17+01,2018-01-29 12:57:44.944+01
465,Soul,t,kia,2017-01-16 09:06:17+01,2018-01-29 12:57:44.944+01
467,Sportage,t,kia,2017-01-16 09:06:17+01,2018-01-29 12:57:44.944+01
47,R8,t,audi,2017-01-16 09:06:17+01,2018-01-29 12:57:44.944+01
472,Aventador,t,lamborghini,2017-01-16 09:06:17+01,2018-01-29 12:57:44.944+01
474,Gallardo,t,lamborghini,2017-01-16 09:06:17+01,2018-01-29 12:57:44.944+01
476,Huracan,t,lamborghini,2017-01-16 09:06:17+01,2018-01-29 12:57:44.944+01
477,Murcielago,t,lamborghini,2017-01-16 09:06:17+01,2018-01-29 12:57:44.944+01
478,Defender,t,land-rover,2017-01-16 09:06:17+01,2018-01-29 12:57:44.944+01
480,Discovery,t,land-rover,2017-01-16 09:06:17+01,2018-01-29 12:57:44.944+01
481,Freelander,t,land-rover,2017-01-16 09:06:17+01,2018-01-29 12:57:44.944+01
482,LR2,t,land-rover,2017-01-16 09:06:17+01,2018-01-29 12:57:44.944+01
484,LR4,t,land-rover,2017-01-16 09:06:17+01,2018-01-29 12:57:44.944+01
485,Range Rover,t,land-rover,2017-01-16 09:06:17+01,2018-01-29 12:57:44.944+01
489,CT,t,lexus,2017-01-16 09:06:17+01,2018-01-29 12:57:44.944+01
49,RS4,t,audi,2017-01-16 09:06:17+01,2018-01-29 12:57:44.944+01
491,ES,t,lexus,2017-01-16 09:06:17+01,2018-01-29 12:57:44.944+01
495,GS,t,lexus,2017-01-16 09:06:17+01,2018-01-29 12:57:44.944+01
499,GX,t,lexus,2017-01-16 09:06:17+01,2018-01-29 12:57:44.944+01
50,RS5,t,audi,2017-01-16 09:06:17+01,2018-01-29 12:57:44.944+01
501,IS,t,lexus,2017-01-16 09:06:17+01,2018-01-29 12:57:44.944+01
506,LFA,t,lexus,2017-01-16 09:06:17+01,2018-01-29 12:57:44.944+01
507,LS,t,lexus,2017-01-16 09:06:17+01,2018-01-29 12:57:44.944+01
51,RS6,t,audi,2017-01-16 09:06:17+01,2018-01-29 12:57:44.944+01
511,LX,t,lexus,2017-01-16 09:06:17+01,2018-01-29 12:57:44.944+01
513,NX,t,lexus,2017-01-16 09:06:17+01,2018-01-29 12:57:44.944+01
514,RC,t,lexus,2017-01-16 09:06:17+01,2018-01-29 12:57:44.944+01
516,RX,t,lexus,2017-01-16 09:06:17+01,2018-01-29 12:57:44.944+01
519,SC,t,lexus,2017-01-16 09:06:17+01,2018-01-29 12:57:44.944+01
52,RS7,t,audi,2017-01-16 09:06:17+01,2018-01-29 12:57:44.944+01
525,MKC,t,lincoln,2017-01-16 09:06:17+01,2018-01-29 12:57:44.944+01
526,MKS,t,lincoln,2017-01-16 09:06:17+01,2018-01-29 12:57:44.944+01
527,MKT,t,lincoln,2017-01-16 09:06:17+01,2018-01-29 12:57:44.944+01
528,MKX,t,lincoln,2017-01-16 09:06:17+01,2018-01-29 12:57:44.944+01
529,MKZ,t,lincoln,2017-01-16 09:06:17+01,2018-01-29 12:57:44.944+01
53,S3,t,audi,2017-01-16 09:06:17+01,2018-01-29 12:57:44.944+01
530,Navigator,t,lincoln,2017-01-16 09:06:17+01,2018-01-29 12:57:44.944+01
531,Town Car,t,lincoln,2017-01-16 09:06:17+01,2018-01-29 12:57:44.944+01
534,Evora,t,lotus,2017-01-16 09:06:17+01,2018-01-29 12:57:44.944+01
535,Exige S,t,lotus,2017-01-16 09:06:17+01,2018-01-29 12:57:44.944+01
54,S5,t,audi,2017-01-16 09:06:17+01,2018-01-29 12:57:44.944+01
540,Ghibli,t,maserati,2017-01-16 09:06:17+01,2018-01-29 12:57:44.944+01
542,GranCabrio,t,maserati,2017-01-16 09:06:17+01,2018-01-29 12:57:44.944+01
543,GranTurismo,t,maserati,2017-01-16 09:06:17+01,2018-01-29 12:57:44.944+01
544,Quattroporte,t,maserati,2017-01-16 09:06:17+01,2018-01-29 12:57:44.944+01
546,57,t,maybach,2017-01-16 09:06:17+01,2018-01-29 12:57:44.944+01
547,62,t,maybach,2017-01-16 09:06:17+01,2018-01-29 12:57:44.944+01
548,Mazda 2,t,mazda,2017-01-16 09:06:17+01,2018-01-29 12:57:44.944+01
549,Mazda 3,t,mazda,2017-01-16 09:06:17+01,2018-01-29 12:57:44.944+01
55,S7,t,audi,2017-01-16 09:06:17+01,2018-01-29 12:57:44.944+01
550,Mazda 6,t,mazda,2017-01-16 09:06:17+01,2018-01-29 12:57:44.944+01
553,B-Series,t,mazda,2017-01-16 09:06:17+01,2018-01-29 12:57:44.944+01
555,CX5,t,mazda,2017-01-16 09:06:17+01,2018-01-29 12:57:44.944+01
556,CX7,t,mazda,2017-01-16 09:06:17+01,2018-01-29 12:57:44.944+01
557,CX9,t,mazda,2017-01-16 09:06:17+01,2018-01-29 12:57:44.944+01
56,S8,t,audi,2017-01-16 09:06:17+01,2018-01-29 12:57:44.944+01
565,MX,t,mazda,2017-01-16 09:06:17+01,2018-01-29 12:57:44.944+01
570,650 S,t,mclaren,2017-01-16 09:06:17+01,2018-01-29 12:57:44.944+01
571,651 S,t,mclaren,2017-01-16 09:06:17+01,2018-01-29 12:57:44.944+01
572,MP4,t,mclaren,2017-01-16 09:06:17+01,2018-01-29 12:57:44.944+01
574,P1,t,mclaren,2017-01-16 09:06:17+01,2018-01-29 12:57:44.944+01
576,A-Class,t,mercedes-benz,2017-01-16 09:06:17+01,2018-01-29 12:57:44.944+01
578,B-Class,t,mercedes-benz,2017-01-16 09:06:17+01,2018-01-29 12:57:44.944+01
58,TT,t,audi,2017-01-16 09:06:17+01,2018-01-29 12:57:44.944+01
580,C-Class,t,mercedes-benz,2017-01-16 09:06:17+01,2018-01-29 12:57:44.944+01
581,CL-Class,t,mercedes-benz,2017-01-16 09:06:17+01,2018-01-29 12:57:44.944+01
582,CLA 45 AMG,t,mercedes-benz,2017-01-16 09:06:17+01,2018-01-29 12:57:44.944+01
583,CLA-Class,t,mercedes-benz,2017-01-16 09:06:17+01,2018-01-29 12:57:44.944+01
584,CLC-Class,t,mercedes-benz,2017-01-16 09:06:17+01,2018-01-29 12:57:44.944+01
585,CLK-Class,t,mercedes-benz,2017-01-16 09:06:17+01,2018-01-29 12:57:44.944+01
587,CLS-Class,t,mercedes-benz,2017-01-16 09:06:17+01,2018-01-29 12:57:44.944+01
591,E-Class,t,mercedes-benz,2017-01-16 09:06:17+01,2018-01-29 12:57:44.944+01
597,G-Class,t,mercedes-benz,2017-01-16 09:06:17+01,2018-01-29 12:57:44.944+01
598,GL-Class,t,mercedes-benz,2017-01-16 09:06:17+01,2018-01-29 12:57:44.944+01
599,GLE-Class,t,mercedes-benz,2017-01-16 09:06:17+01,2018-01-29 12:57:44.944+01
60,Arnage,t,bentley,2017-01-16 09:06:17+01,2018-01-29 12:57:44.944+01
600,GLK-Class,t,mercedes-benz,2017-01-16 09:06:17+01,2018-01-29 12:57:44.944+01
601,ML-Class,t,mercedes-benz,2017-01-16 09:06:17+01,2018-01-29 12:57:44.944+01
604,R-Class,t,mercedes-benz,2017-01-16 09:06:17+01,2018-01-29 12:57:44.944+01
607,S-Class,t,mercedes-benz,2017-01-16 09:06:17+01,2018-01-29 12:57:44.944+01
61,Azure,t,bentley,2017-01-16 09:06:17+01,2018-01-29 12:57:44.944+01
610,SL-Class,t,mercedes-benz,2017-01-16 09:06:17+01,2018-01-29 12:57:44.944+01
612,SLK-Class,t,mercedes-benz,2017-01-16 09:06:17+01,2018-01-29 12:57:44.944+01
613,SLR,t,mercedes-benz,2017-01-16 09:06:17+01,2018-01-29 12:57:44.944+01
614,SLS-Class,t,mercedes-benz,2017-01-16 09:06:17+01,2018-01-29 12:57:44.944+01
616,Sprinter,t,mercedes-benz,2017-01-16 09:06:17+01,2018-01-29 12:57:44.944+01
617,V-Class,t,mercedes-benz,2017-01-16 09:06:17+01,2018-01-29 12:57:44.944+01
618,Vito,t,mercedes-benz,2017-01-16 09:06:17+01,2018-01-29 12:57:44.944+01
62,Brooklands,t,bentley,2017-01-16 09:06:17+01,2018-01-29 12:57:44.944+01
620,Grand Marquis,f,mercury,2017-01-16 09:06:17+01,2018-01-29 12:57:44.944+01
621,Mariner,f,mercury,2017-01-16 09:06:17+01,2018-01-29 12:57:44.944+01
622,Milan,f,mercury,2017-01-16 09:06:17+01,2018-01-29 12:57:44.944+01
623,Montego,f,mercury,2017-01-16 09:06:17+01,2018-01-29 12:57:44.944+01
625,Mountaineer,f,mercury,2017-01-16 09:06:17+01,2018-01-29 12:57:44.944+01
63,Continental,t,bentley,2017-01-16 09:06:17+01,2018-01-29 12:57:44.944+01
634,Cooper,t,mini,2017-01-16 09:06:17+01,2018-01-29 12:57:44.944+01
641,ASX,t,mitsubishi,2017-01-16 09:06:17+01,2018-01-29 12:57:44.944+01
642,Attrage,t,mitsubishi,2017-01-16 09:06:17+01,2018-01-29 12:57:44.944+01
646,Galant,t,mitsubishi,2017-01-16 09:06:17+01,2018-01-29 12:57:44.944+01
647,Grandis,t,mitsubishi,2017-01-16 09:06:17+01,2018-01-29 12:57:44.944+01
649,L 200,t,mitsubishi,2017-01-16 09:06:17+01,2018-01-29 12:57:44.944+01
650,Lancer,t,mitsubishi,2017-01-16 09:06:17+01,2018-01-29 12:57:44.944+01
654,Magna,t,mitsubishi,2017-01-16 09:06:17+01,2018-01-29 12:57:44.944+01
655,Mirage,t,mitsubishi,2017-01-16 09:06:17+01,2018-01-29 12:57:44.944+01
658,Nativa,t,mitsubishi,2017-01-16 09:06:17+01,2018-01-29 12:57:44.944+01
659,Outlander,t,mitsubishi,2017-01-16 09:06:17+01,2018-01-29 12:57:44.944+01
661,Pajero,t,mitsubishi,2017-01-16 09:06:17+01,2018-01-29 12:57:44.944+01
664,Z350,t,nissan,2017-01-16 09:06:17+01,2018-01-29 12:57:44.944+01
665,Z370,t,nissan,2017-01-16 09:06:17+01,2018-01-29 12:57:44.944+01
667,Altima,t,nissan,2017-01-16 09:06:17+01,2018-01-29 12:57:44.944+01
668,Armada,t,nissan,2017-01-16 09:06:17+01,2018-01-29 12:57:44.944+01
67,Flying Spur,t,bentley,2017-01-16 09:06:17+01,2018-01-29 12:57:44.944+01
672,GT-R,t,nissan,2017-01-16 09:06:17+01,2018-01-29 12:57:44.944+01
673,Juke,t,nissan,2017-01-16 09:06:17+01,2018-01-29 12:57:44.944+01
676,Maxima,t,nissan,2017-01-16 09:06:17+01,2018-01-29 12:57:44.944+01
677,Micra,t,nissan,2017-01-16 09:06:17+01,2018-01-29 12:57:44.944+01
678,Murano,t,nissan,2017-01-16 09:06:17+01,2018-01-29 12:57:44.944+01
68,Mulsanne,t,bentley,2017-01-16 09:06:17+01,2018-01-29 12:57:44.944+01
680,Navara,t,nissan,2017-01-16 09:06:17+01,2018-01-29 12:57:44.944+01
685,Pathfinder,t,nissan,2017-01-16 09:06:17+01,2018-01-29 12:57:44.944+01
687,Patrol,t,nissan,2017-01-16 09:06:17+01,2018-01-29 12:57:44.944+01
689,Pickup,t,nissan,2017-01-16 09:06:17+01,2018-01-29 12:57:44.944+01
69,1-Series,t,bmw,2017-01-16 09:06:17+01,2018-01-29 12:57:44.944+01
690,Qashqai,t,nissan,2017-01-16 09:06:17+01,2018-01-29 12:57:44.944+01
695,Sentra,t,nissan,2017-01-16 09:06:17+01,2018-01-29 12:57:44.944+01
696,Sunny,t,nissan,2017-01-16 09:06:17+01,2018-01-29 12:57:44.944+01
697,Tiida,t,nissan,2017-01-16 09:06:17+01,2018-01-29 12:57:44.944+01
699,Urvan,t,nissan,2017-01-16 09:06:17+01,2018-01-29 12:57:44.944+01
702,X-Trail,t,nissan,2017-01-16 09:06:17+01,2018-01-29 12:57:44.944+01
703,Xterra,t,nissan,2017-01-16 09:06:17+01,2018-01-29 12:57:44.944+01
71,2-Series,t,bmw,2017-01-16 09:06:17+01,2018-01-29 12:57:44.944+01
710,Adam,t,opel,2017-01-16 09:06:17+01,2018-01-29 12:57:44.944+01
711,Antara,t,opel,2017-01-16 09:06:17+01,2018-01-29 12:57:44.944+01
712,Astra,t,opel,2017-01-16 09:06:17+01,2018-01-29 12:57:44.944+01
714,Corsa,t,opel,2017-01-16 09:06:17+01,2018-01-29 12:57:44.944+01
716,Insignia,t,opel,2017-01-16 09:06:17+01,2018-01-29 12:57:44.944+01
718,Mariva,t,opel,2017-01-16 09:06:17+01,2018-01-29 12:57:44.944+01
719,Vectra,t,opel,2017-01-16 09:06:17+01,2018-01-29 12:57:44.944+01
72,3-Series,t,bmw,2017-01-16 09:06:17+01,2018-01-29 12:57:44.944+01
722,2008,t,peugeot,2017-01-16 09:06:17+01,2018-01-29 12:57:44.944+01
723,206,t,peugeot,2017-01-16 09:06:17+01,2018-01-29 12:57:44.944+01
724,207,t,peugeot,2017-01-16 09:06:17+01,2018-01-29 12:57:44.944+01
725,208,t,peugeot,2017-01-16 09:06:17+01,2018-01-29 12:57:44.944+01
726,3008,t,peugeot,2017-01-16 09:06:17+01,2018-01-29 12:57:44.944+01
727,301,t,peugeot,2017-01-16 09:06:17+01,2018-01-29 12:57:44.944+01
728,307,t,peugeot,2017-01-16 09:06:17+01,2018-01-29 12:57:44.944+01
729,308,t,peugeot,2017-01-16 09:06:17+01,2018-01-29 12:57:44.944+01
730,308 CC,t,peugeot,2017-01-16 09:06:17+01,2018-01-29 12:57:44.944+01
731,407,t,peugeot,2017-01-16 09:06:17+01,2018-01-29 12:57:44.944+01
732,408,t,peugeot,2017-01-16 09:06:17+01,2018-01-29 12:57:44.944+01
733,5008,t,peugeot,2017-01-16 09:06:17+01,2018-01-29 12:57:44.944+01
734,508,t,peugeot,2017-01-16 09:06:17+01,2018-01-29 12:57:44.944+01
735,607,t,peugeot,2017-01-16 09:06:17+01,2018-01-29 12:57:44.944+01
737,Partner,t,peugeot,2017-01-16 09:06:17+01,2018-01-29 12:57:44.944+01
738,RCZ,t,peugeot,2017-01-16 09:06:17+01,2018-01-29 12:57:44.944+01
74,4-Series,t,bmw,2017-01-16 09:06:17+01,2018-01-29 12:57:44.944+01
75,5-Series,t,bmw,2017-01-16 09:06:17+01,2018-01-29 12:57:44.944+01
757,911,t,porsche,2017-01-16 09:06:17+01,2018-01-29 12:57:44.944+01
759,918,t,porsche,2017-01-16 09:06:17+01,2018-01-29 12:57:44.944+01
761,Cayenne,t,porsche,2017-01-16 09:06:17+01,2018-01-29 12:57:44.944+01
763,718,t,porsche,2017-01-16 09:06:17+01,2018-01-29 12:57:44.944+01
764,Macan,t,porsche,2017-01-16 09:06:17+01,2018-01-29 12:57:44.944+01
765,Panamera,t,porsche,2017-01-16 09:06:17+01,2018-01-29 12:57:44.944+01
771,Capture,t,renault,2017-01-16 09:06:17+01,2018-01-29 12:57:44.944+01
772,Clio,t,renault,2017-01-16 09:06:17+01,2018-01-29 12:57:44.944+01
774,Duster,t,renault,2017-01-16 09:06:17+01,2018-01-29 12:57:44.944+01
775,Espace,t,renault,2017-01-16 09:06:17+01,2018-01-29 12:57:44.944+01
776,Fluence,t,renault,2017-01-16 09:06:17+01,2018-01-29 12:57:44.944+01
777,Koleos,t,renault,2017-01-16 09:06:17+01,2018-01-29 12:57:44.944+01
779,Logan,t,renault,2017-01-16 09:06:17+01,2018-01-29 12:57:44.944+01
781,Megane,t,renault,2017-01-16 09:06:17+01,2018-01-29 12:57:44.944+01
784,Safrane,t,renault,2017-01-16 09:06:17+01,2018-01-29 12:57:44.944+01
785,Sandero,t,renault,2017-01-16 09:06:17+01,2018-01-29 12:57:44.944+01
786,Scenic,t,renault,2017-01-16 09:06:17+01,2018-01-29 12:57:44.944+01
787,Symbol,t,renault,2017-01-16 09:06:17+01,2018-01-29 12:57:44.944+01
79,6-Series,t,bmw,2017-01-16 09:06:17+01,2018-01-29 12:57:44.944+01
791,Drophead,t,rolls-royce,2017-01-16 09:06:17+01,2018-01-29 12:57:44.944+01
792,Ghost,t,rolls-royce,2017-01-16 09:06:17+01,2018-01-29 12:57:44.944+01
793,Phantom,t,rolls-royce,2017-01-16 09:06:17+01,2018-01-29 12:57:44.944+01
795,Silver Seraph,t,rolls-royce,2017-01-16 09:06:17+01,2018-01-29 12:57:44.944+01
796,Wraith,t,rolls-royce,2017-01-16 09:06:17+01,2018-01-29 12:57:44.944+01
799,9-7X,t,saab,2017-01-16 09:06:17+01,2018-01-29 12:57:44.944+01
81,7-Series,t,bmw,2017-01-16 09:06:17+01,2018-01-29 12:57:44.944+01
812,Altea,t,seat,2017-01-16 09:06:17+01,2018-01-29 12:57:44.944+01
813,Cordoba,t,seat,2017-01-16 09:06:17+01,2018-01-29 12:57:44.944+01
814,Exeo,t,seat,2017-01-16 09:06:17+01,2018-01-29 12:57:44.944+01
815,Ibiza,t,seat,2017-01-16 09:06:17+01,2018-01-29 12:57:44.944+01
816,Leon,t,seat,2017-01-16 09:06:17+01,2018-01-29 12:57:44.944+01
817,Toledo,t,seat,2017-01-16 09:06:17+01,2018-01-29 12:57:44.944+01
818,Fabia,t,skoda,2017-01-16 09:06:17+01,2018-01-29 12:57:44.944+01
819,Octavia,t,skoda,2017-01-16 09:06:17+01,2018-01-29 12:57:44.944+01
82,8-Series,t,bmw,2017-01-16 09:06:17+01,2018-01-29 12:57:44.944+01
820,Roomster,t,skoda,2017-01-16 09:06:17+01,2018-01-29 12:57:44.944+01
821,Superb,t,skoda,2017-01-16 09:06:17+01,2018-01-29 12:57:44.944+01
822,Yeti,t,skoda,2017-01-16 09:06:17+01,2018-01-29 12:57:44.944+01
834,BRZ,t,subaru,2017-01-16 09:06:17+01,2018-01-29 12:57:44.944+01
835,Forester,t,subaru,2017-01-16 09:06:17+01,2018-01-29 12:57:44.944+01
836,Impreza,t,subaru,2017-01-16 09:06:17+01,2018-01-29 12:57:44.944+01
840,Outback,t,subaru,2017-01-16 09:06:17+01,2018-01-29 12:57:44.944+01
841,Tribeca,t,subaru,2017-01-16 09:06:17+01,2018-01-29 12:57:44.944+01
842,XV,t,subaru,2017-01-16 09:06:17+01,2018-01-29 12:57:44.944+01
844,Alto,t,suzuki,2017-01-16 09:06:17+01,2018-01-29 12:57:44.944+01
845,APV,t,suzuki,2017-01-16 09:06:17+01,2018-01-29 12:57:44.944+01
847,Celerio,t,suzuki,2017-01-16 09:06:17+01,2018-01-29 12:57:44.944+01
848,Ciaz,t,suzuki,2017-01-16 09:06:17+01,2018-01-29 12:57:44.944+01
850,Ertiga,t,suzuki,2017-01-16 09:06:17+01,2018-01-29 12:57:44.944+01
852,Grand Vitara,t,suzuki,2017-01-16 09:06:17+01,2018-01-29 12:57:44.944+01
853,Ignis,t,suzuki,2017-01-16 09:06:17+01,2018-01-29 12:57:44.944+01
854,Jimny,t,suzuki,2017-01-16 09:06:17+01,2018-01-29 12:57:44.944+01
855,Kizashi,t,suzuki,2017-01-16 09:06:17+01,2018-01-29 12:57:44.944+01
856,Liana,t,suzuki,2017-01-16 09:06:17+01,2018-01-29 12:57:44.944+01
857,Swift,t,suzuki,2017-01-16 09:06:17+01,2018-01-29 12:57:44.944+01
859,SX4,t,suzuki,2017-01-16 09:06:17+01,2018-01-29 12:57:44.944+01
86,i8,t,bmw,2017-01-16 09:06:17+01,2018-01-29 12:57:44.944+01
865,Xenon,t,tata,2017-01-16 09:06:17+01,2018-01-29 12:57:44.944+01
868,86,t,toyota,2017-01-16 09:06:17+01,2018-01-29 12:57:44.944+01
869,Aurion,t,toyota,2017-01-16 09:06:17+01,2018-01-29 12:57:44.944+01
870,Avalon,t,toyota,2017-01-16 09:06:17+01,2018-01-29 12:57:44.944+01
871,Avanza,t,toyota,2017-01-16 09:06:17+01,2018-01-29 12:57:44.944+01
872,Camry,t,toyota,2017-01-16 09:06:17+01,2018-01-29 12:57:44.944+01
874,Corolla,t,toyota,2017-01-16 09:06:17+01,2018-01-29 12:57:44.944+01
876,FJ Cruiser,t,toyota,2017-01-16 09:06:17+01,2018-01-29 12:57:44.944+01
877,Fortuner,t,toyota,2017-01-16 09:06:17+01,2018-01-29 12:57:44.944+01
878,Hiace,t,toyota,2017-01-16 09:06:17+01,2018-01-29 12:57:44.944+01
88,M3,t,bmw,2017-01-16 09:06:17+01,2018-01-29 12:57:44.944+01
880,Hilux,t,toyota,2017-01-16 09:06:17+01,2018-01-29 12:57:44.944+01
881,Innova,t,toyota,2017-01-16 09:06:17+01,2018-01-29 12:57:44.944+01
882,Land Cruiser,t,toyota,2017-01-16 09:06:17+01,2018-01-29 12:57:44.944+01
884,Prado,f,toyota,2017-01-16 09:06:17+01,2018-01-29 12:57:44.944+01
888,Previa,t,toyota,2017-01-16 09:06:17+01,2018-01-29 12:57:44.944+01
89,M4,t,bmw,2017-01-16 09:06:17+01,2018-01-29 12:57:44.944+01
892,Rav 4,t,toyota,2017-01-16 09:06:17+01,2018-01-29 12:57:44.944+01
894,Sequoia,t,toyota,2017-01-16 09:06:17+01,2018-01-29 12:57:44.944+01
899,XA,t,toyota,2017-01-16 09:06:17+01,2018-01-29 12:57:44.944+01
90,M5,t,bmw,2017-01-16 09:06:17+01,2018-01-29 12:57:44.944+01
900,Yaris,t,toyota,2017-01-16 09:06:17+01,2018-01-29 12:57:44.944+01
901,Zelas,t,toyota,2017-01-16 09:06:17+01,2018-01-29 12:57:44.944+01
902,Amarok,t,volkswagen,2017-01-16 09:06:17+01,2018-01-29 12:57:44.944+01
903,Beetle,t,volkswagen,2017-01-16 09:06:17+01,2018-01-29 12:57:44.944+01
905,Eos,t,volkswagen,2017-01-16 09:06:17+01,2018-01-29 12:57:44.944+01
906,Golf,t,volkswagen,2017-01-16 09:06:17+01,2018-01-29 12:57:44.944+01
914,Jetta,t,volkswagen,2017-01-16 09:06:17+01,2018-01-29 12:57:44.944+01
915,Multivan,t,volkswagen,2017-01-16 09:06:17+01,2018-01-29 12:57:44.944+01
916,Passat,t,volkswagen,2017-01-16 09:06:17+01,2018-01-29 12:57:44.944+01
918,Phaeton,t,volkswagen,2017-01-16 09:06:17+01,2018-01-29 12:57:44.944+01
919,Polo,t,volkswagen,2017-01-16 09:06:17+01,2018-01-29 12:57:44.944+01
92,M6,t,bmw,2017-01-16 09:06:17+01,2018-01-29 12:57:44.944+01
921,Scirocco,t,volkswagen,2017-01-16 09:06:17+01,2018-01-29 12:57:44.944+01
923,Sharan,t,volkswagen,2017-01-16 09:06:17+01,2018-01-29 12:57:44.944+01
924,Tiguan,t,volkswagen,2017-01-16 09:06:17+01,2018-01-29 12:57:44.944+01
925,Touareg,t,volkswagen,2017-01-16 09:06:17+01,2018-01-29 12:57:44.944+01
926,Touran,t,volkswagen,2017-01-16 09:06:17+01,2018-01-29 12:57:44.944+01
927,C30,t,volvo,2017-01-16 09:06:17+01,2018-01-29 12:57:44.944+01
928,C70,t,volvo,2017-01-16 09:06:17+01,2018-01-29 12:57:44.944+01
929,S40,t,volvo,2017-01-16 09:06:17+01,2018-01-29 12:57:44.944+01
930,S60,t,volvo,2017-01-16 09:06:17+01,2018-01-29 12:57:44.944+01
931,S80,t,volvo,2017-01-16 09:06:17+01,2018-01-29 12:57:44.944+01
932,V40,t,volvo,2017-01-16 09:06:17+01,2018-01-29 12:57:44.944+01
933,V50,t,volvo,2017-01-16 09:06:17+01,2018-01-29 12:57:44.944+01
934,V60,t,volvo,2017-01-16 09:06:17+01,2018-01-29 12:57:44.944+01
935,V70,t,volvo,2017-01-16 09:06:17+01,2018-01-29 12:57:44.944+01
936,XC60,t,volvo,2017-01-16 09:06:17+01,2018-01-29 12:57:44.944+01
937,XC70,t,volvo,2017-01-16 09:06:17+01,2018-01-29 12:57:44.944+01
938,XC90,t,volvo,2017-01-16 09:06:17+01,2018-01-29 12:57:44.944+01
95,X1,t,bmw,2017-01-16 09:06:17+01,2018-01-29 12:57:44.944+01
96,X3,t,bmw,2017-01-16 09:06:17+01,2018-01-29 12:57:44.944+01
97,X4,t,bmw,2017-01-16 09:06:17+01,2018-01-29 12:57:44.944+01
98,X5,t,bmw,2017-01-16 09:06:17+01,2018-01-29 12:57:44.944+01
99,X5M,t,bmw,2017-01-16 09:06:17+01,2018-01-29 12:57:44.944+01
audi-s4,S4,t,audi,2017-05-02 14:09:26+02,2018-01-29 12:57:44.944+01
audi-sq5,SQ5,t,audi,2017-05-02 14:09:26+02,2018-01-29 12:57:44.944+01
bentley-bentayga,Bentayga,t,bentley,2017-05-02 14:09:26+02,2018-01-29 12:57:44.944+01
bugatti-grand-sport,Grand Sport,f,bugatti,2017-05-02 14:09:26+02,2018-01-29 12:57:44.944+01
cadillac-liberty,Liberty,t,cadillac,2017-05-02 14:09:26+02,2018-01-29 12:57:44.944+01
chevrolet-equinox,Equinox,t,chevrolet,2017-05-02 14:09:26+02,2018-01-29 12:57:44.944+01
chevrolet-liberty,Liberty,t,chevrolet,2017-05-02 14:09:26+02,2018-01-29 12:57:44.944+01
chevrolet-sierra,Sierra,t,chevrolet,2017-05-02 14:09:26+02,2018-01-29 12:57:44.944+01
citroen-berlingo,Berlingo,t,citroen,2017-05-02 14:09:26+02,2018-01-29 12:57:44.944+01
dodge-journey,Journey,t,dodge,2017-05-02 14:09:26+02,2018-01-29 12:57:44.944+01
ferrari-456,456,t,ferrari,2017-05-02 14:09:26+02,2018-01-29 12:57:44.944+01
ferrari-575,575,t,ferrari,2017-05-02 14:09:26+02,2018-01-29 12:57:44.944+01
ferrari-enzo,Enzo,t,ferrari,2017-05-02 14:09:26+02,2018-01-29 12:57:44.944+01
ferrari-f360,F360,t,ferrari,2017-05-02 14:09:26+02,2018-01-29 12:57:44.944+01
ferrari-f450,F450,t,ferrari,2017-05-02 14:09:26+02,2018-01-29 12:57:44.944+01
ford-f250,F250,t,ford,2017-05-02 14:09:26+02,2018-01-29 12:57:44.944+01
ford-f350,F350,t,ford,2017-05-02 14:09:26+02,2018-01-29 12:57:44.944+01
honda-element,Element,t,honda,2017-05-02 14:09:26+02,2018-01-29 12:57:44.944+01
honda-hrv,HRV,t,honda,2017-05-02 14:09:26+02,2018-01-29 12:57:44.944+01
honda-ridgeline,Ridgeline,t,honda,2017-05-02 14:09:26+02,2018-01-29 12:57:44.944+01
honda-stream,Stream,t,honda,2017-05-02 14:09:26+02,2018-01-29 12:57:44.944+01
hummer-h1,H1,t,hummer,2017-05-02 14:09:26+02,2018-01-29 12:57:44.944+01
hyundai-avante,Avante,t,hyundai,2017-05-02 14:09:26+02,2018-01-29 12:57:44.944+01
hyundai-equus,Equus,t,hyundai,2017-05-02 14:09:26+02,2018-01-29 12:57:44.944+01
hyundai-verna,Verna,t,hyundai,2017-05-02 14:09:26+02,2018-01-29 12:57:44.944+01
jeep-cj-7,Cj 7,t,jeep,2017-05-02 14:09:26+02,2018-01-29 12:57:44.944+01
kia-forte,Forte,t,kia,2017-05-02 14:09:26+02,2018-01-29 12:57:44.944+01
kia-sedone,Sedone,t,kia,2017-05-02 14:09:26+02,2018-01-29 12:57:44.944+01
koenigsegg-agera,Agera,t,koenigsegg,2017-05-02 14:09:26+02,2018-01-29 12:57:44.944+01
lamborghini-superleggera,Superleggera,t,lamborghini,2017-05-02 14:09:26+02,2018-01-29 12:57:44.944+01
land-rover-lr5,LR5,t,land-rover,2017-05-02 14:09:26+02,2018-01-29 12:57:44.944+01
lincoln-continental,Continental,t,lincoln,2017-05-02 14:09:26+02,2018-01-29 12:57:44.944+01
lotus-gt,GT,t,lotus,2017-05-02 14:09:26+02,2018-01-29 12:57:44.944+01
mazda-bt,BT,t,mazda,2017-05-02 14:09:26+02,2018-01-29 12:57:44.944+01
mazda-mazda-4,Mazda 4,t,mazda,2017-05-02 14:09:26+02,2018-01-29 12:57:44.944+01
mazda-rx,RX,t,mazda,2017-05-02 14:09:26+02,2018-01-29 12:57:44.944+01
mclaren-652-s,652 S,t,mclaren,2017-05-02 14:09:26+02,2018-01-29 12:57:44.944+01
mercedes-benz-brabus,Brabus,t,mercedes-benz,2017-05-02 14:09:26+02,2018-01-29 12:57:44.944+01
mercedes-benz-gls-class,GLS-Class,t,mercedes-benz,2017-05-02 14:09:26+02,2018-01-29 12:57:44.944+01
mercedes-benz-gts,GTS,t,mercedes-benz,2017-05-02 14:09:26+02,2018-01-29 12:57:44.944+01
mercedes-benz-s-class-maybach,S-Class Maybach,t,mercedes-benz,2017-05-02 14:09:26+02,2018-01-29 12:57:44.944+01
mercedes-benz-slc,SLC,t,mercedes-benz,2018-03-12 15:12:38.416+01,2018-03-12 15:12:38.416+01
mercedes-benz-smart,Smart,t,mercedes-benz,2017-05-02 14:09:26+02,2018-01-29 12:57:44.944+01
mg-75,75,t,mg,2017-05-02 14:09:26+02,2018-01-29 12:57:44.944+01
mg-a,A,t,mg,2017-05-02 14:09:26+02,2018-01-29 12:57:44.944+01
mg-b,B,t,mg,2017-05-02 14:09:26+02,2018-01-29 12:57:44.944+01
mitsubishi-l300,L300,t,mitsubishi,2017-05-02 14:09:26+02,2018-01-29 12:57:44.944+01
nissan-civilian,Civilian,t,nissan,2017-05-02 14:09:26+02,2018-01-29 12:57:44.944+01
nissan-datsun,Datsun,t,nissan,2017-05-02 14:09:26+02,2018-01-29 12:57:44.944+01
nissan-frontier,Frontier,t,nissan,2017-05-02 14:09:26+02,2018-01-29 12:57:44.944+01
nissan-leaf,Leaf,t,nissan,2017-05-02 14:09:26+02,2018-01-29 12:57:44.944+01
nissan-quest,Quest,t,nissan,2017-05-02 14:09:26+02,2018-01-29 12:57:44.944+01
nissan-rogue,Rogue,t,nissan,2017-05-02 14:09:26+02,2018-01-29 12:57:44.944+01
nissan-safari,Safari,t,nissan,2017-05-02 14:09:26+02,2018-01-29 12:57:44.944+01
nissan-titan,Titan,t,nissan,2017-05-02 14:09:26+02,2018-01-29 12:57:44.944+01
nissan-versa,Versa,t,nissan,2017-05-02 14:09:26+02,2018-01-29 12:57:44.944+01
nissan-z240,Z240,t,nissan,2017-05-02 14:09:26+02,2018-01-29 12:57:44.944+01
nissan-z260,Z260,t,nissan,2017-05-02 14:09:26+02,2018-01-29 12:57:44.944+01
nissan-z280,Z280,t,nissan,2017-05-02 14:09:26+02,2018-01-29 12:57:44.944+01
nissan-z300,Z300,t,nissan,2017-05-02 14:09:26+02,2018-01-29 12:57:44.944+01
renault-talisman,Talisman,t,renault,2017-05-02 14:09:26+02,2018-01-29 12:57:44.944+01
renault-vegan,Vegan,t,renault,2017-05-02 14:09:26+02,2018-01-29 12:57:44.944+01
renault-velsatis,Velsatis,t,renault,2017-05-02 14:09:26+02,2018-01-29 12:57:44.944+01
rolls-royce-dawn,Dawn,t,rolls-royce,2017-05-02 14:09:26+02,2018-01-29 12:57:44.944+01
rolls-royce-mansory,Mansory,t,rolls-royce,2017-05-02 14:09:26+02,2018-01-29 12:57:44.944+01
seat-cubra,Cubra,t,seat,2017-05-02 14:09:26+02,2018-01-29 12:57:44.944+01
suzuki-lj,LJ,t,suzuki,2017-05-02 14:09:26+02,2018-01-29 12:57:44.944+01
suzuki-samurai,Samurai,t,suzuki,2017-05-02 14:09:26+02,2018-01-29 12:57:44.944+01
suzuki-sg-410,SG 410,t,suzuki,2017-05-02 14:09:26+02,2018-01-29 12:57:44.944+01
suzuki-sj-413,SJ - 413,t,suzuki,2017-05-02 14:09:26+02,2018-01-29 12:57:44.944+01
suzuki-sj-414,SJ - 414,t,suzuki,2017-05-02 14:09:26+02,2018-01-29 12:57:44.944+01
tesla_model_s,Model S,t,tesla,2018-05-24 12:30:46.024+02,2018-05-24 12:30:46.024+02
tesla_model_x,Model X,t,tesla,2018-05-24 12:30:46.024+02,2018-05-24 12:30:46.024+02
toyota-4runner,4Runner,t,toyota,2017-05-02 14:09:26+02,2018-01-29 12:57:44.944+01
toyota-alphard,Alphard,t,toyota,2017-05-02 14:09:26+02,2018-01-29 12:57:44.944+01
toyota-crown,Crown,t,toyota,2017-05-02 14:09:26+02,2018-01-29 12:57:44.944+01
toyota-highlander,Highlander,t,toyota,2017-05-02 14:09:26+02,2018-01-29 12:57:44.944+01
toyota-iq,iQ,t,toyota,2017-05-02 14:09:26+02,2018-01-29 12:57:44.944+01
toyota-quest,Quest,t,toyota,2017-05-02 14:09:26+02,2018-01-29 12:57:44.944+01
toyota-scion,Scion,t,toyota,2017-05-02 14:09:26+02,2018-01-29 12:57:44.944+01
toyota-sienna,Sienna,t,toyota,2017-05-02 14:09:26+02,2018-01-29 12:57:44.944+01
toyota-solara,Solara,t,toyota,2017-05-02 14:09:26+02,2018-01-29 12:57:44.944+01
toyota-supra,Supra,t,toyota,2017-05-02 14:09:26+02,2018-01-29 12:57:44.944+01
toyota-tacoma,Tacoma,t,toyota,2017-05-02 14:09:26+02,2018-01-29 12:57:44.944+01
toyota-tundra,Tundra,t,toyota,2017-05-02 14:09:26+02,2018-01-29 12:57:44.944+01
toyota-venza,Venza,t,toyota,2017-05-02 14:09:26+02,2018-01-29 12:57:44.944+01
mg-360,360,t,mg,2018-12-03 14:47:39.182599+01,2018-12-03 14:47:39.182599+01
mazda-cx3,CX3,t,mazda,2018-12-03 14:47:39.182599+01,2018-12-03 14:47:39.182599+01
nissan-kicks,Kicks,t,nissan,2018-12-03 14:47:39.182599+01,2018-12-03 14:47:39.182599+01
toyota-rush,Rush,t,toyota,2018-12-03 14:47:39.182599+01,2018-12-03 14:47:39.182599+01
jaguar-f-pace,F-Pace,t,jaguar,2017-05-02 14:09:26+02,2019-01-20 10:22:52.498513+01
alfa-romeo_guilia-quadrifoglio,Giulia Quadrifoglio,t,alfa-romeo,2019-02-28 10:35:14.346035+01,2019-02-28 10:35:14.346035+01
alfa-romeo_guilia,Giulia,t,alfa-romeo,2019-02-28 10:35:14.346035+01,2019-02-28 10:35:14.346035+01
alfa-romeo_stelvio-quadrifoglio,Stelvio Quadrifoglio,t,alfa-romeo,2019-02-28 10:35:14.346035+01,2019-02-28 10:35:14.346035+01
alfa-romeo_stelvio,Stelvio,t,alfa-romeo,2019-02-28 10:35:14.346035+01,2019-02-28 10:35:14.346035+01
maserati-levante,Levante,t,maserati,2019-05-21 15:51:30.462814+02,2019-05-21 15:51:30.462814+02
lincoln-nautilus,Nautilus,t,lincoln,2019-05-21 15:51:30.462814+02,2019-05-21 15:51:30.462814+02
jaguar-e-pace,E-Pace,t,jaguar,2019-05-23 09:39:48.473177+02,2019-05-23 09:39:48.473177+02
volvo_s90,S90,t,volvo,2019-06-10 16:56:29.622122+02,2019-06-17 09:59:05.653698+02
lexus-ux,UX,t,lexus,2019-07-15 10:49:42.66405+02,2019-07-15 10:49:42.66405+02
