id,name,active,model_id,created_at,updated_at
1570,Prado,t,882,2017-05-18 15:53:44.587+02,2018-08-30 18:21:10.239776+02
1564,XL,t,toyota-venza,2017-05-02 14:09:26+02,2017-05-08 09:00:05+02
1561,SR,t,toyota-tundra,2017-05-02 14:09:26+02,2017-05-08 09:00:05+02
1557,SL,t,toyota-solara,2017-05-02 14:09:26+02,2017-05-08 09:00:05+02
1556,SE,t,toyota-solara,2017-05-02 14:09:26+02,2017-05-08 09:00:05+02
1555,XL,t,toyota-sienna,2017-05-02 14:09:26+02,2017-05-08 09:00:05+02
1554,SE,t,toyota-sienna,2017-05-02 14:09:26+02,2017-05-08 09:00:05+02
1552,LE,t,toyota-sienna,2017-05-02 14:09:26+02,2017-05-08 09:00:05+02
1549,SL,t,toyota-quest,2017-05-02 14:09:26+02,2017-05-08 09:00:05+02
1547,XL,t,toyota-highlander,2017-05-02 14:09:26+02,2017-05-08 09:00:05+02
1545,LE,t,toyota-highlander,2017-05-02 14:09:26+02,2017-05-08 09:00:05+02
1538,GX,t,suzuki-samurai,2017-05-02 14:09:26+02,2017-05-08 09:00:05+02
1529,ZX,t,nissan-z280,2017-05-02 14:09:26+02,2017-05-08 09:00:05+02
1527,ZX,t,nissan-z240,2017-05-02 14:09:26+02,2017-05-08 09:00:05+02
1525,SV,t,nissan-versa,2017-05-02 14:09:26+02,2017-05-08 09:00:05+02
1524,SL,t,nissan-versa,2017-05-02 14:09:26+02,2017-05-08 09:00:05+02
1520,GR,t,nissan-safari,2017-05-02 14:09:26+02,2017-05-08 09:00:05+02
1518,SL,t,nissan-rogue,2017-05-02 14:09:26+02,2017-05-08 09:00:05+02
1508,Passion,t,mercedes-benz-smart,2017-05-02 14:09:26+02,2017-05-08 09:00:05+02
1506,S600,t,mercedes-benz-s-class-maybach,2017-05-02 14:09:26+02,2018-08-30 18:19:59.079732+02
1505,S500,t,mercedes-benz-s-class-maybach,2017-05-02 14:09:26+02,2018-08-30 18:19:58.559782+02
1503,AMG,t,mercedes-benz-gts,2017-05-02 14:09:26+02,2017-05-08 09:00:05+02
1502,S600,t,mercedes-benz-brabus,2017-05-02 14:09:26+02,2017-05-08 09:00:05+02
1501,S V12 R,t,mercedes-benz-brabus,2017-05-02 14:09:26+02,2017-05-08 09:00:05+02
1500,K 8,t,mercedes-benz-brabus,2017-05-02 14:09:26+02,2017-05-08 09:00:05+02
1499,B63,t,mercedes-benz-brabus,2017-05-02 14:09:26+02,2017-05-08 09:00:05+02
1498,B11,t,mercedes-benz-brabus,2017-05-02 14:09:26+02,2017-05-08 09:00:05+02
1497,850,t,mercedes-benz-brabus,2017-05-02 14:09:26+02,2017-05-08 09:00:05+02
1496,GLS500,t,mercedes-benz-gls-class,2017-05-02 14:09:26+02,2018-08-30 18:19:57.739762+02
1493,50,t,mazda-bt,2017-05-02 14:09:26+02,2018-08-30 18:19:03.359544+02
1492,8,t,mazda-rx,2017-05-02 14:09:26+02,2018-08-30 18:19:04.239701+02
1491,7,t,mazda-rx,2017-05-02 14:09:26+02,2018-08-30 18:19:03.779653+02
1490,Hennessey Venom,t,lotus-gt,2017-05-02 14:09:26+02,2017-05-08 09:00:05+02
1486,RS,t,koenigsegg-agera,2017-05-02 14:09:26+02,2018-08-30 18:18:39.007282+02
1485,R,t,koenigsegg-agera,2017-05-02 14:09:26+02,2018-08-30 18:18:38.579805+02
1460,LTZ,t,chevrolet-liberty,2017-05-02 14:09:26+02,2017-05-08 09:00:05+02
1459,LT,t,chevrolet-equinox,2017-05-02 14:09:26+02,2017-05-08 09:00:05+02
1457,BLS,t,cadillac-liberty,2017-05-02 14:09:26+02,2017-05-08 09:00:05+02
1455,First Edition,t,bentley-bentayga,2017-05-02 14:09:26+02,2017-05-08 09:00:05+02
1454,Mulliner,t,bentley-bentayga,2017-05-02 14:09:26+02,2017-05-08 09:00:05+02
1450,SEL,t,925,2017-05-02 14:09:25+02,2017-05-08 09:00:05+02
1449,SE,t,925,2017-05-02 14:09:25+02,2017-05-08 09:00:05+02
1448,S,t,925,2017-05-02 14:09:25+02,2017-05-08 09:00:05+02
1447,S,t,924,2017-05-02 14:09:25+02,2017-05-08 09:00:05+02
1446,TSI,t,924,2017-05-02 14:09:25+02,2017-05-08 09:00:05+02
1445,SEL,t,924,2017-05-02 14:09:25+02,2017-05-08 09:00:05+02
1444,SE,t,924,2017-05-02 14:09:25+02,2017-05-08 09:00:05+02
1443,TDI,t,924,2017-05-02 14:09:25+02,2017-05-08 09:00:05+02
1442,SE,t,919,2017-05-02 14:09:25+02,2017-05-02 14:09:25+02
1441,S,t,919,2017-05-02 14:09:25+02,2017-05-02 14:09:25+02
1440,SEL,t,916,2017-05-02 14:09:25+02,2017-05-08 09:00:05+02
1439,S,t,916,2017-05-02 14:09:25+02,2017-05-08 09:00:05+02
1438,TSI,t,916,2017-05-02 14:09:25+02,2017-05-08 09:00:05+02
1437,TDI,t,914,2017-05-02 14:09:25+02,2017-05-08 09:00:05+02
1436,Sport,t,914,2017-05-02 14:09:25+02,2017-05-08 09:00:05+02
1435,GLI,t,914,2017-05-02 14:09:25+02,2017-05-08 09:00:05+02
1434,SEL,t,914,2017-05-02 14:09:25+02,2017-05-08 09:00:05+02
1433,S,t,914,2017-05-02 14:09:25+02,2017-05-08 09:00:05+02
1432,SEL,t,906,2017-05-02 14:09:25+02,2017-05-08 09:00:05+02
1431,SE,t,906,2017-05-02 14:09:25+02,2017-05-08 09:00:05+02
1430,S,t,906,2017-05-02 14:09:25+02,2017-05-08 09:00:05+02
1429,TSI,t,906,2017-05-02 14:09:25+02,2017-05-08 09:00:05+02
1428,SE,t,903,2017-05-02 14:09:25+02,2017-05-08 09:00:05+02
1427,SEL,t,903,2017-05-02 14:09:25+02,2017-05-08 09:00:05+02
1426,Sport,t,874,2017-05-02 14:09:25+02,2017-05-08 09:00:05+02
1425,L,t,1182,2017-05-02 14:09:25+02,2017-05-02 14:09:25+02
1424,GT,t,1182,2017-05-02 14:09:25+02,2017-05-02 14:09:25+02
1423,GTS,t,757,2017-05-02 14:09:25+02,2017-05-08 09:00:05+02
1422,Allure,t,734,2017-05-02 14:09:25+02,2017-05-08 09:00:05+02
1421,Active,t,734,2017-05-02 14:09:25+02,2017-05-08 09:00:05+02
1420,Allure,t,729,2017-05-02 14:09:25+02,2017-05-08 09:00:05+02
1419,Active,t,729,2017-05-02 14:09:25+02,2017-05-08 09:00:05+02
1418,GT,t,729,2017-05-02 14:09:25+02,2018-08-30 18:20:29.999841+02
1417,CC,t,729,2017-05-02 14:09:25+02,2018-08-30 18:20:29.600174+02
1416,XT,t,728,2017-05-02 14:09:25+02,2017-05-08 09:00:05+02
1415,SW,t,728,2017-05-02 14:09:25+02,2018-08-30 18:20:28.740051+02
1414,CC,t,728,2017-05-02 14:09:25+02,2018-08-30 18:20:28.33956+02
1413,Allure,t,727,2017-05-02 14:09:25+02,2017-05-08 09:00:05+02
1412,Access,t,727,2017-05-02 14:09:25+02,2017-05-08 09:00:05+02
1411,Active,t,725,2017-05-02 14:09:25+02,2017-05-08 09:00:05+02
1410,SE,t,702,2017-05-02 14:09:25+02,2017-05-02 14:09:25+02
1409,S,t,697,2017-05-02 14:09:25+02,2017-05-08 09:00:05+02
1408,SE,t,697,2017-05-02 14:09:25+02,2017-05-08 09:00:05+02
1407,SV,t,696,2017-05-02 14:09:25+02,2017-05-08 09:00:05+02
1406,SL,t,696,2017-05-02 14:09:25+02,2017-05-08 09:00:05+02
1405,S,t,696,2017-05-02 14:09:25+02,2017-05-08 09:00:05+02
1404,PE,t,696,2017-05-02 14:09:25+02,2017-05-08 09:00:05+02
1403,EX,t,696,2017-05-02 14:09:25+02,2017-05-08 09:00:05+02
1402,S,t,690,2017-05-02 14:09:25+02,2017-05-02 14:09:25+02
1401,S,t,685,2017-05-02 14:09:25+02,2017-05-08 09:00:05+02
1400,SE,t,678,2017-05-02 14:09:25+02,2017-05-08 09:00:05+02
1399,S,t,678,2017-05-02 14:09:25+02,2017-05-08 09:00:05+02
1398,SV,t,677,2017-05-02 14:09:25+02,2017-05-08 09:00:05+02
1397,SL,t,677,2017-05-02 14:09:25+02,2017-05-08 09:00:05+02
1396,S,t,677,2017-05-02 14:09:25+02,2017-05-08 09:00:05+02
1395,S,t,676,2017-05-02 14:09:25+02,2017-05-08 09:00:05+02
1394,SE,t,676,2017-05-02 14:09:25+02,2017-05-08 09:00:05+02
1393,SL,t,676,2017-05-02 14:09:25+02,2017-05-08 09:00:05+02
1392,S,t,673,2017-05-02 14:09:25+02,2017-05-08 09:00:05+02
1391,SL,t,668,2017-05-02 14:09:25+02,2017-05-08 09:00:05+02
1390,SE,t,667,2017-05-02 14:09:25+02,2017-05-08 09:00:05+02
1389,GTS,t,646,2017-05-02 14:09:25+02,2017-05-08 09:00:05+02
1388,ES,t,646,2017-05-02 14:09:25+02,2017-05-08 09:00:05+02
1387,DE,t,646,2017-05-02 14:09:25+02,2017-05-08 09:00:05+02
1386,GT,t,1094,2017-05-02 14:09:25+02,2017-05-02 14:09:25+02
1385,GS,t,1094,2017-05-02 14:09:25+02,2017-05-02 14:09:25+02
1384,Clubman,t,634,2017-05-02 14:09:25+02,2018-08-30 18:20:02.439549+02
1383,SL 280,t,610,2017-05-02 14:09:25+02,2018-08-30 18:19:52.339809+02
1382,Sport,t,443,2017-05-02 14:09:25+02,2017-05-08 09:00:05+02
1381,GLS,t,391,2017-05-02 14:09:25+02,2017-05-02 14:09:25+02
1380,GL,t,391,2017-05-02 14:09:25+02,2017-05-02 14:09:25+02
1379,GLS,t,389,2017-05-02 14:09:25+02,2017-05-08 09:00:05+02
1378,GL,t,389,2017-05-02 14:09:25+02,2017-05-08 09:00:05+02
1377,SE,t,388,2017-05-02 14:09:25+02,2017-05-08 09:00:05+02
1376,GLS,t,388,2017-05-02 14:09:25+02,2017-05-08 09:00:05+02
1375,GL,t,388,2017-05-02 14:09:25+02,2017-05-08 09:00:05+02
1374,SE,t,383,2017-05-02 14:09:25+02,2017-05-08 09:00:05+02
1373,GLS,t,383,2017-05-02 14:09:25+02,2017-05-08 09:00:05+02
1372,GL,t,383,2017-05-02 14:09:25+02,2017-05-08 09:00:05+02
1371,GLS,t,382,2017-05-02 14:09:25+02,2017-05-08 09:00:05+02
1370,GL,t,382,2017-05-02 14:09:25+02,2017-05-08 09:00:05+02
1369,GL,t,380,2017-05-02 14:09:25+02,2017-05-02 14:09:25+02
1368,GLS,t,379,2017-05-02 14:09:25+02,2017-05-08 09:00:05+02
1367,GL,t,379,2017-05-02 14:09:25+02,2017-05-08 09:00:05+02
1366,GLS,t,376,2017-05-02 14:09:25+02,2017-05-08 09:00:05+02
1365,GL,t,376,2017-05-02 14:09:25+02,2017-05-08 09:00:05+02
1364,GLS,t,375,2017-05-02 14:09:25+02,2017-05-08 09:00:05+02
1363,GL,t,375,2017-05-02 14:09:25+02,2017-05-08 09:00:05+02
1362,GL,t,372,2017-05-02 14:09:25+02,2017-05-08 09:00:05+02
1361,GLS,t,371,2017-05-02 14:09:25+02,2017-05-08 09:00:05+02
1360,GLS,t,365,2017-05-02 14:09:25+02,2017-05-08 09:00:05+02
1359,GL,t,365,2017-05-02 14:09:25+02,2017-05-08 09:00:05+02
1358,GLS,t,363,2017-05-02 14:09:25+02,2017-05-08 09:00:05+02
1357,GL,t,363,2017-05-02 14:09:25+02,2017-05-08 09:00:05+02
1356,EX,t,357,2017-05-02 14:09:25+02,2017-05-08 09:00:05+02
1355,LX,t,356,2017-05-02 14:09:25+02,2017-05-08 09:00:05+02
1354,EX,t,356,2017-05-02 14:09:25+02,2017-05-08 09:00:05+02
1353,EX,t,355,2017-05-02 14:09:25+02,2017-05-08 09:00:05+02
1352,LX,t,353,2017-05-02 14:09:25+02,2017-05-08 09:00:05+02
1351,EX,t,353,2017-05-02 14:09:25+02,2017-05-08 09:00:05+02
1350,LX,t,346,2017-05-02 14:09:25+02,2017-05-08 09:00:05+02
1349,EX,t,346,2017-05-02 14:09:25+02,2017-05-08 09:00:05+02
1348,LX,t,344,2017-05-02 14:09:25+02,2017-05-08 09:00:05+02
1347,EX,t,344,2017-05-02 14:09:25+02,2017-05-08 09:00:05+02
1346,Limited,t,342,2017-05-02 14:09:25+02,2017-05-08 09:00:05+02
1345,DX,t,342,2017-05-02 14:09:25+02,2017-05-08 09:00:05+02
1344,SLT,t,335,2017-05-02 14:09:25+02,2017-05-08 09:00:05+02
1343,SLE,t,335,2017-05-02 14:09:25+02,2017-05-08 09:00:05+02
1341,Denali,t,335,2017-05-02 14:09:25+02,2017-05-08 09:00:05+02
1340,SE,t,317,2017-05-02 14:09:25+02,2017-05-08 09:00:05+02
1339,Trend,t,311,2017-05-02 14:09:25+02,2017-05-08 09:00:05+02
1338,Titanium,t,311,2017-05-02 14:09:25+02,2017-05-08 09:00:05+02
1337,SEL,t,308,2017-05-02 14:09:25+02,2017-05-08 09:00:05+02
1336,SE,t,308,2017-05-02 14:09:25+02,2017-05-08 09:00:05+02
1335,S,t,308,2017-05-02 14:09:25+02,2017-05-08 09:00:05+02
1334,Trend,t,303,2017-05-02 14:09:25+02,2017-05-08 09:00:05+02
1333,Sport,t,303,2017-05-02 14:09:25+02,2017-05-08 09:00:05+02
1332,Ambiente,t,303,2017-05-02 14:09:25+02,2017-05-08 09:00:05+02
1331,Titanium,t,302,2017-05-02 14:09:25+02,2017-05-08 09:00:05+02
1330,SEL,t,302,2017-05-02 14:09:25+02,2017-05-08 09:00:05+02
1329,Limited,t,301,2017-05-02 14:09:25+02,2017-05-08 09:00:05+02
1328,Ambiente,t,300,2017-05-02 14:09:25+02,2017-05-08 09:00:05+02
1327,Ambiente,t,297,2017-05-02 14:09:25+02,2017-05-08 09:00:05+02
1326,Titanium,t,297,2017-05-02 14:09:25+02,2017-05-08 09:00:05+02
1325,XL,t,290,2017-05-02 14:09:25+02,2017-05-08 09:00:05+02
1324,XLS,t,289,2017-05-02 14:09:25+02,2017-05-08 09:00:05+02
1323,Eddie Bauer,t,289,2017-05-02 14:09:25+02,2017-05-08 09:00:05+02
1322,XL,t,288,2017-05-02 14:09:25+02,2017-05-08 09:00:05+02
1321,Eddie Bauer,t,288,2017-05-02 14:09:25+02,2017-05-08 09:00:05+02
1320,Limited,t,284,2017-05-02 14:09:25+02,2017-05-08 09:00:05+02
1319,LTS,t,284,2017-05-02 14:09:25+02,2017-05-08 09:00:05+02
1318,XLS,t,284,2017-05-02 14:09:25+02,2017-05-08 09:00:05+02
1317,Berlinetta,t,264,2017-05-02 14:09:25+02,2017-05-08 09:00:05+02
1316,SXT,t,244,2017-05-02 14:09:25+02,2017-05-02 14:09:25+02
1315,SE,t,244,2017-05-02 14:09:25+02,2017-05-02 14:09:25+02
1314,R/T,t,244,2017-05-02 14:09:25+02,2017-05-02 14:09:25+02
1313,Limited,t,244,2017-05-02 14:09:25+02,2017-05-02 14:09:25+02
1312,SXT,t,238,2017-05-02 14:09:25+02,2017-05-08 09:00:05+02
1311,SXT,t,237,2017-05-02 14:09:25+02,2017-05-02 14:09:25+02
1310,SE,t,234,2017-05-02 14:09:25+02,2017-05-08 09:00:05+02
1309,Rallye,t,234,2017-05-02 14:09:25+02,2017-05-08 09:00:05+02
1308,SXT,t,231,2017-05-02 14:09:25+02,2017-05-02 14:09:25+02
1307,SE,t,231,2017-05-02 14:09:25+02,2017-05-02 14:09:25+02
1306,R/T,t,231,2017-05-02 14:09:25+02,2017-05-02 14:09:25+02
1305,Limited,t,208,2017-05-02 14:09:25+02,2017-05-08 09:00:05+02
1304,LX,t,206,2017-05-02 14:09:25+02,2017-05-02 14:09:25+02
1303,Limited,t,206,2017-05-02 14:09:25+02,2017-05-02 14:09:25+02
1302,Touring,t,209,2017-05-02 14:09:25+02,2017-05-02 14:09:25+02
1301,Limited,t,209,2017-05-02 14:09:25+02,2017-05-02 14:09:25+02
1300,LT,t,195,2017-05-02 14:09:25+02,2017-05-02 14:09:25+02
1299,LS,t,193,2017-05-02 14:09:25+02,2017-05-08 09:00:05+02
1298,LS,t,185,2017-05-02 14:09:25+02,2017-05-08 09:00:05+02
1297,LT,t,184,2017-05-02 14:09:25+02,2017-05-02 14:09:25+02
1296,LS,t,184,2017-05-02 14:09:25+02,2017-05-02 14:09:25+02
1295,LT,t,180,2017-05-02 14:09:25+02,2017-05-08 09:00:05+02
1294,LS,t,180,2017-05-02 14:09:25+02,2017-05-08 09:00:05+02
1293,LTZ,t,176,2017-05-02 14:09:25+02,2017-05-08 09:00:05+02
1292,LT,t,154,2017-05-02 14:09:25+02,2017-05-08 09:00:05+02
1291,750 Li,f,81,2017-05-02 14:09:25+02,2017-05-17 11:52:55.894+02
1290,740 Li,f,81,2017-05-02 14:09:25+02,2017-05-17 11:53:05.213+02
1289,730li,f,81,2017-05-02 14:09:25+02,2017-05-09 12:03:01.77+02
1284,235i,t,71,2017-05-02 14:09:25+02,2017-05-08 09:00:05+02
1283,Prestige,t,55,2017-05-02 14:09:25+02,2017-05-08 09:00:05+02
1282,Premium,f,1178,2017-05-02 14:09:25+02,2017-05-11 09:02:54.698+02
1281,Prestige,t,1178,2017-05-02 14:09:25+02,2017-05-02 14:09:25+02
1280,S,t,27,2017-05-02 14:09:25+02,2018-08-30 18:16:07.772323+02
1279,Polestar,t,934,2017-05-02 14:09:25+02,2018-08-30 18:21:29.760066+02
1278,Polestar,t,930,2017-05-02 14:09:25+02,2018-08-30 18:21:27.787652+02
1277,R36,t,906,2017-05-02 14:09:25+02,2017-05-08 09:00:05+02
1276,R32,t,906,2017-05-02 14:09:25+02,2017-05-08 09:00:05+02
1275,GTI,t,906,2017-05-02 14:09:25+02,2018-08-30 18:21:20.320402+02
1274,Millennium,t,903,2017-05-02 14:09:25+02,2017-05-11 14:25:39.107+02
1273,SE,t,900,2017-05-02 14:09:25+02,2017-05-08 09:00:05+02
1272,S,t,900,2017-05-02 14:09:25+02,2017-05-08 09:00:05+02
1271,LE,t,900,2017-05-02 14:09:25+02,2017-05-08 09:00:05+02
1270,G,t,900,2017-05-02 14:09:25+02,2017-05-08 09:00:05+02
1269,VX,t,894,2017-05-02 14:09:25+02,2017-05-02 14:09:25+02
1268,SR,t,894,2017-05-02 14:09:25+02,2017-05-02 14:09:25+02
1267,GX,t,894,2017-05-02 14:09:25+02,2017-05-02 14:09:25+02
1266,EX,t,894,2017-05-02 14:09:25+02,2017-05-02 14:09:25+02
1265,XL,t,892,2017-05-02 14:09:25+02,2017-05-08 09:00:05+02
1264,VX,t,892,2017-05-02 14:09:25+02,2017-05-08 09:00:05+02
1263,LE,t,892,2017-05-02 14:09:25+02,2017-05-08 09:00:05+02
1262,GX,t,892,2017-05-02 14:09:25+02,2017-05-08 09:00:05+02
1261,EX,t,892,2017-05-02 14:09:25+02,2017-05-08 09:00:05+02
1260,SE,t,888,2017-05-02 14:09:25+02,2017-05-02 14:09:25+02
1259,S,t,888,2017-05-02 14:09:25+02,2017-05-02 14:09:25+02
1258,GL,t,888,2017-05-02 14:09:25+02,2017-05-02 14:09:25+02
1257,VX,f,884,2017-05-02 14:09:25+02,2017-05-18 15:52:34.146+02
1256,TX,f,884,2017-05-02 14:09:25+02,2017-05-18 15:52:34.146+02
1255,GX,f,884,2017-05-02 14:09:25+02,2017-05-18 15:52:34.146+02
1254,EX,f,884,2017-05-02 14:09:25+02,2017-05-18 15:52:34.146+02
1253,VX,f,882,2017-05-02 14:09:25+02,2017-05-18 15:52:34.146+02
1252,GX,f,882,2017-05-02 14:09:25+02,2017-05-18 15:52:34.146+02
1251,GL,f,882,2017-05-02 14:09:25+02,2017-05-18 15:52:34.146+02
1250,G,f,882,2017-05-02 14:09:25+02,2017-05-18 15:52:34.146+02
1249,EX,f,882,2017-05-02 14:09:25+02,2017-05-18 15:52:34.146+02
1248,DL,f,882,2017-05-02 14:09:25+02,2017-05-18 15:52:34.146+02
1247,LX,f,882,2017-05-02 14:09:25+02,2017-05-18 15:52:34.146+02
1246,SE,t,881,2017-05-02 14:09:25+02,2017-05-08 09:00:05+02
1245,G,t,881,2017-05-02 14:09:25+02,2017-05-08 09:00:05+02
1244,S,t,881,2017-05-02 14:09:25+02,2017-05-08 09:00:05+02
1243,SL,t,881,2017-05-02 14:09:25+02,2017-05-08 09:00:05+02
1242,XL,t,880,2017-05-02 14:09:25+02,2017-05-08 09:00:05+02
1241,VVT,t,880,2017-05-02 14:09:25+02,2017-05-08 09:00:05+02
1240,SR,t,880,2017-05-02 14:09:25+02,2017-05-08 09:00:05+02
1239,GL,t,880,2017-05-02 14:09:25+02,2017-05-08 09:00:05+02
1238,SR,t,878,2017-05-02 14:09:25+02,2017-05-02 14:09:25+02
1237,VX,t,877,2017-05-02 14:09:25+02,2017-05-08 09:00:05+02
1236,SR,t,877,2017-05-02 14:09:25+02,2017-05-08 09:00:05+02
1235,GX,t,877,2017-05-02 14:09:25+02,2017-05-08 09:00:05+02
1234,EX,t,877,2017-05-02 14:09:25+02,2017-05-08 09:00:05+02
1233,VX,t,876,2017-05-02 14:09:25+02,2017-05-08 09:00:05+02
1232,GX,t,876,2017-05-02 14:09:25+02,2017-05-08 09:00:05+02
1231,XL,t,874,2017-05-02 14:09:25+02,2017-05-08 09:00:05+02
1230,SE,t,874,2017-05-02 14:09:25+02,2017-05-08 09:00:05+02
1229,S,t,874,2017-05-02 14:09:25+02,2017-05-08 09:00:05+02
1228,LE,t,874,2017-05-02 14:09:25+02,2017-05-08 09:00:05+02
1227,CE,t,874,2017-05-02 14:09:25+02,2017-05-08 09:00:05+02
1226,GL,t,874,2017-05-02 14:09:25+02,2017-05-08 09:00:05+02
1225,XS,t,872,2017-05-02 14:09:25+02,2017-05-08 09:00:05+02
1224,SE,t,872,2017-05-02 14:09:25+02,2017-05-08 09:00:05+02
1223,S,t,872,2017-05-02 14:09:25+02,2017-05-08 09:00:05+02
1222,LE,t,872,2017-05-02 14:09:25+02,2017-05-08 09:00:05+02
1221,XL,t,872,2017-05-02 14:09:25+02,2017-05-08 09:00:05+02
1220,GL,t,872,2017-05-02 14:09:25+02,2017-05-08 09:00:05+02
1219,SE,t,871,2017-05-02 14:09:25+02,2017-05-02 14:09:25+02
1218,XL,t,870,2017-05-02 14:09:25+02,2017-05-08 09:00:05+02
1217,SE,t,870,2017-05-02 14:09:24+02,2017-05-08 09:00:05+02
1216,S,t,870,2017-05-02 14:09:24+02,2017-05-08 09:00:05+02
1215,SE,t,869,2017-05-02 14:09:24+02,2017-05-08 09:00:05+02
1214,VT,t,868,2017-05-02 14:09:24+02,2017-05-02 14:09:24+02
1212,RS,t,781,2017-05-02 14:09:24+02,2017-05-08 09:00:05+02
1211,CC,t,781,2017-05-02 14:09:24+02,2017-05-08 09:00:05+02
1209,Boxster,t,763,2017-05-02 14:09:24+02,2018-08-30 18:20:38.659885+02
1208,Turbo,t,761,2017-05-02 14:09:24+02,2018-08-30 18:20:37.619496+02
1207,Spyder,t,759,2017-05-02 14:09:24+02,2018-08-30 18:20:37.219741+02
1206,Turbo,t,757,2017-05-02 14:09:24+02,2018-08-30 18:20:36.126691+02
1205,Targa,t,757,2017-05-02 14:09:24+02,2018-08-30 18:20:35.646426+02
1204,GT4,t,757,2017-05-02 14:09:24+02,2017-05-08 09:00:05+02
1203,GT3,t,757,2017-05-02 14:09:24+02,2018-08-30 18:20:35.260039+02
1202,GT2,t,757,2017-05-02 14:09:24+02,2018-08-30 18:20:34.7879+02
1201,GT,t,757,2017-05-02 14:09:24+02,2017-05-08 09:00:05+02
1200,Carrera,t,757,2017-05-02 14:09:24+02,2018-08-30 18:20:34.379659+02
1199,SV,t,702,2017-05-02 14:09:24+02,2017-05-02 14:09:24+02
1198,SL,t,702,2017-05-02 14:09:24+02,2017-05-02 14:09:24+02
1197,SE,t,703,2017-05-02 14:09:24+02,2017-05-08 09:00:05+02
1196,S,t,703,2017-05-02 14:09:24+02,2017-05-08 09:00:05+02
1195,SV,t,697,2017-05-02 14:09:24+02,2017-05-11 14:21:58.706+02
1194,SL,t,697,2017-05-02 14:09:24+02,2017-05-08 09:00:05+02
1193,SE,t,696,2017-05-02 14:09:24+02,2017-05-08 09:00:05+02
1192,SV,t,695,2017-05-02 14:09:24+02,2017-05-02 14:09:24+02
1191,SR,t,695,2017-05-02 14:09:24+02,2017-05-02 14:09:24+02
1190,S,t,695,2017-05-02 14:09:24+02,2017-05-02 14:09:24+02
1189,SL,t,695,2017-05-02 14:09:24+02,2017-05-02 14:09:24+02
1188,SE,t,690,2017-05-02 14:09:24+02,2017-05-02 14:09:24+02
1187,LE,t,690,2017-05-02 14:09:24+02,2017-05-02 14:09:24+02
1186,XE,t,687,2017-05-02 14:09:24+02,2017-05-08 09:00:05+02
1185,SE,t,687,2017-05-02 14:09:24+02,2017-05-08 09:00:05+02
1184,Safari,t,687,2017-05-02 14:09:24+02,2017-05-08 09:00:05+02
1183,LE,t,687,2017-05-02 14:09:24+02,2017-05-08 09:00:05+02
1182,XE,t,685,2017-05-02 14:09:24+02,2017-05-08 09:00:05+02
1181,SV,t,685,2017-05-02 14:09:24+02,2017-05-08 09:00:05+02
1180,SL,t,685,2017-05-02 14:09:24+02,2017-05-08 09:00:05+02
1179,SE,t,685,2017-05-02 14:09:24+02,2017-05-08 09:00:05+02
1178,LE,t,685,2017-05-02 14:09:24+02,2017-05-08 09:00:05+02
1177,XE,t,680,2017-05-02 14:09:24+02,2017-05-08 09:00:05+02
1176,SE,t,680,2017-05-02 14:09:24+02,2017-05-08 09:00:05+02
1175,LE,t,680,2017-05-02 14:09:24+02,2017-05-08 09:00:05+02
1174,SV,t,678,2017-05-02 14:09:24+02,2017-05-08 09:00:05+02
1173,SL,t,678,2017-05-02 14:09:24+02,2017-05-08 09:00:05+02
1172,LE,t,678,2017-05-02 14:09:24+02,2017-05-08 09:00:05+02
1171,SV,t,676,2017-05-02 14:09:24+02,2017-05-08 09:00:05+02
1170,SR,t,676,2017-05-02 14:09:24+02,2017-05-08 09:00:05+02
1169,SV,t,673,2017-05-02 14:09:24+02,2017-05-08 09:00:05+02
1168,SL,t,673,2017-05-02 14:09:24+02,2017-05-08 09:00:05+02
1167,SE,t,668,2017-05-02 14:09:24+02,2017-05-08 09:00:05+02
1166,LE,t,668,2017-05-02 14:09:24+02,2017-05-08 09:00:05+02
1165,SR,t,667,2017-05-02 14:09:24+02,2017-05-08 09:00:05+02
1164,SV,t,667,2017-05-02 14:09:24+02,2017-05-08 09:00:05+02
1163,SL,t,667,2017-05-02 14:09:24+02,2017-05-08 09:00:05+02
1162,S,t,667,2017-05-02 14:09:24+02,2017-05-08 09:00:05+02
1161,Evolution,t,650,2017-05-02 14:09:24+02,2018-08-30 18:20:05.919742+02
1160,Paceman,t,634,2017-05-02 14:09:24+02,2018-08-30 18:20:02.060112+02
1159,CountryMan,t,634,2017-05-02 14:09:24+02,2018-08-30 18:20:01.37988+02
1158,SLS63,t,614,2017-05-02 14:09:24+02,2017-05-08 09:00:05+02
1157,McLaren,t,613,2017-05-02 14:09:24+02,2018-08-30 18:19:56.319987+02
1156,722,t,613,2017-05-02 14:09:24+02,2018-08-30 18:19:55.899922+02
1155,SLK55,t,612,2017-05-02 14:09:24+02,2018-08-30 18:19:55.49967+02
1154,SLK350,t,612,2017-05-02 14:09:24+02,2018-08-30 18:19:55.119968+02
1153,SLK320,t,612,2017-05-02 14:09:24+02,2018-08-30 18:19:54.719873+02
1152,SLK300,t,612,2017-05-02 14:09:24+02,2018-08-30 18:19:54.319554+02
1151,SLK280,t,612,2017-05-02 14:09:24+02,2018-08-30 18:19:53.919922+02
1150,SLK250,t,612,2017-05-02 14:09:24+02,2018-08-30 18:19:53.539973+02
1149,SLK230,t,612,2017-05-02 14:09:24+02,2018-08-30 18:19:53.159597+02
1148,SLK200,t,612,2017-05-02 14:09:24+02,2018-08-30 18:19:52.739413+02
1147,SL65,t,610,2017-05-02 14:09:24+02,2018-08-30 18:19:51.940023+02
1146,SL63,t,610,2017-05-02 14:09:24+02,2018-08-30 18:19:51.359906+02
1145,SL60,t,610,2017-05-02 14:09:24+02,2017-05-08 09:00:05+02
1144,SL560,t,610,2017-05-02 14:09:24+02,2017-05-08 09:00:05+02
1143,SL550,t,610,2017-05-02 14:09:24+02,2017-05-08 09:00:05+02
1142,SL55,t,610,2017-05-02 14:09:24+02,2018-08-30 18:19:50.980002+02
1141,SL500,t,610,2017-05-02 14:09:24+02,2018-08-30 18:19:50.567976+02
1140,SL400,t,610,2017-05-02 14:09:24+02,2018-08-30 18:19:50.15953+02
1139,SL350,t,610,2017-05-02 14:09:24+02,2018-08-30 18:19:49.739796+02
1138,SL320,t,610,2017-05-02 14:09:24+02,2018-08-30 18:19:49.347518+02
1137,S63,t,607,2017-05-02 14:09:24+02,2018-08-30 18:19:48.959894+02
1136,S600,t,607,2017-05-02 14:09:24+02,2018-08-30 18:19:48.499574+02
1135,S550,t,607,2017-05-02 14:09:24+02,2017-05-08 09:00:05+02
1134,S55,t,607,2017-05-02 14:09:24+02,2018-08-30 18:19:48.099442+02
1133,S500,t,607,2017-05-02 14:09:24+02,2018-08-30 18:19:47.699787+02
1132,S430,t,607,2017-05-02 14:09:24+02,2018-08-30 18:19:47.319392+02
1131,S400,t,607,2017-05-02 14:09:24+02,2018-08-30 18:19:46.92764+02
1130,S350,t,607,2017-05-02 14:09:24+02,2018-08-30 18:19:46.51973+02
1129,S320,t,607,2017-05-02 14:09:24+02,2018-08-30 18:19:46.120131+02
1128,S300,t,607,2017-05-02 14:09:24+02,2018-08-30 18:19:45.719785+02
1127,S280,t,607,2017-05-02 14:09:24+02,2018-08-30 18:19:45.339927+02
1126,S230,t,607,2017-05-02 14:09:24+02,2018-08-30 18:19:44.880173+02
1125,S65,t,607,2017-05-02 14:09:24+02,2017-05-08 09:00:05+02
1124,R500,t,604,2017-05-02 14:09:24+02,2018-08-30 18:19:44.488162+02
1123,R350,t,604,2017-05-02 14:09:24+02,2018-08-30 18:19:44.079655+02
1122,R300,t,604,2017-05-02 14:09:24+02,2018-08-30 18:19:43.679622+02
1121,R280,t,604,2017-05-02 14:09:24+02,2018-08-30 18:19:42.699627+02
1120,ML63,t,601,2017-05-02 14:09:24+02,2017-05-08 09:00:05+02
1119,ML550,t,601,2017-05-02 14:09:24+02,2017-05-08 09:00:05+02
1118,ML55,t,601,2017-05-02 14:09:24+02,2017-05-08 09:00:05+02
1117,ML500,t,601,2017-05-02 14:09:24+02,2017-05-08 09:00:05+02
1116,ML420,t,601,2017-05-02 14:09:24+02,2017-05-08 09:00:05+02
1115,ML400,t,601,2017-05-02 14:09:24+02,2017-05-08 09:00:05+02
1114,ML350,t,601,2017-05-02 14:09:24+02,2017-05-08 09:00:05+02
1113,ML320,t,601,2017-05-02 14:09:24+02,2017-05-08 09:00:05+02
1112,GLK500,t,600,2017-05-02 14:09:24+02,2017-05-08 09:00:05+02
1111,GLK350,t,600,2017-05-02 14:09:24+02,2018-08-30 18:19:42.279917+02
1110,GLK320,t,600,2017-05-02 14:09:24+02,2018-08-30 18:19:41.879695+02
1109,GLK300,t,600,2017-05-02 14:09:24+02,2018-08-30 18:19:41.479417+02
1108,GLK280,t,600,2017-05-02 14:09:24+02,2018-08-30 18:19:41.099955+02
1107,GLK250,t,600,2017-05-02 14:09:24+02,2018-08-30 18:19:40.700409+02
1106,GLE63,t,599,2017-05-02 14:09:24+02,2018-08-30 18:19:40.219861+02
1105,GLE500,t,599,2017-05-02 14:09:24+02,2018-03-26 10:03:04.734+02
1104,GLE450,t,599,2017-05-02 14:09:24+02,2018-08-30 18:19:39.759858+02
1103,GLE43,t,599,2017-05-02 14:09:24+02,2018-01-29 11:30:08.323+01
1102,GLE400,t,599,2017-05-02 14:09:24+02,2018-08-30 18:19:39.359916+02
1101,GLE350,t,599,2017-05-02 14:09:24+02,2018-08-30 18:19:38.979709+02
1100,GLE250,t,599,2017-05-02 14:09:24+02,2018-08-30 18:19:38.579706+02
1099,GLC250,t,1167,2017-05-02 14:09:24+02,2018-08-30 18:19:07.719792+02
1098,GLA45,t,1159,2017-05-02 14:09:24+02,2017-05-02 14:09:24+02
1097,GLA250,t,1159,2017-05-02 14:09:24+02,2018-08-30 18:19:07.280278+02
1096,GL63,t,598,2017-05-02 14:09:24+02,2018-08-30 18:19:38.0599+02
1095,GL550,t,598,2017-05-02 14:09:24+02,2017-05-08 09:00:05+02
1094,GL55,t,598,2017-05-02 14:09:24+02,2017-05-08 09:00:05+02
1093,GL500,t,598,2017-05-02 14:09:24+02,2018-08-30 18:19:37.639798+02
1092,GL450,t,598,2017-05-02 14:09:24+02,2018-08-30 18:19:37.239936+02
1091,GL400,t,598,2017-05-02 14:09:24+02,2018-08-30 18:19:36.859927+02
1090,GL350,t,598,2017-05-02 14:09:24+02,2018-08-30 18:19:36.459983+02
1089,GB63,t,597,2017-05-02 14:09:24+02,2017-05-08 09:00:05+02
1088,G700,t,597,2017-05-02 14:09:24+02,2017-05-08 09:00:05+02
1087,BA3,t,597,2017-05-02 14:09:24+02,2017-05-08 09:00:05+02
1086,G800,t,597,2017-05-02 14:09:24+02,2017-05-08 09:00:05+02
1085,G65,t,597,2017-05-02 14:09:24+02,2018-08-30 18:19:35.439881+02
1084,G63,t,597,2017-05-02 14:09:24+02,2018-08-30 18:19:35.039922+02
1083,G55,t,597,2017-05-02 14:09:24+02,2018-08-30 18:19:34.640041+02
1082,G500,t,597,2017-05-02 14:09:24+02,2018-08-30 18:19:34.239718+02
1081,G400,t,597,2017-05-02 14:09:24+02,2018-08-30 18:19:33.839655+02
1080,G350,t,597,2017-05-02 14:09:24+02,2018-08-30 18:19:33.447365+02
1079,G320,t,597,2017-05-02 14:09:24+02,2018-08-30 18:19:33.059898+02
1078,G280,t,597,2017-05-02 14:09:24+02,2018-08-30 18:19:32.660095+02
1077,E63,t,591,2017-05-02 14:09:24+02,2018-08-30 18:19:32.259842+02
1076,E550,t,591,2017-05-02 14:09:24+02,2018-08-30 18:19:31.808759+02
1075,E55,t,591,2017-05-02 14:09:24+02,2018-08-30 18:19:31.399783+02
1074,E500,t,591,2017-05-02 14:09:24+02,2018-08-30 18:19:30.94015+02
1073,E45,t,591,2017-05-02 14:09:24+02,2017-05-08 09:00:05+02
1072,E430,t,591,2017-05-02 14:09:24+02,2018-08-30 18:19:30.520066+02
1071,E400,t,591,2017-05-02 14:09:24+02,2018-08-30 18:19:30.119726+02
1070,E350,t,591,2017-05-02 14:09:24+02,2018-08-30 18:19:29.740155+02
1069,E320,t,591,2017-05-02 14:09:24+02,2018-08-30 18:19:29.340572+02
1068,E300,t,591,2017-05-02 14:09:24+02,2018-08-30 18:19:28.940072+02
1067,E280,t,591,2017-05-02 14:09:24+02,2018-08-30 18:19:28.540023+02
1066,E250,t,591,2017-05-02 14:09:24+02,2018-08-30 18:19:28.127721+02
1065,E240,t,591,2017-05-02 14:09:24+02,2018-08-30 18:19:27.719884+02
1064,E230,t,591,2017-05-02 14:09:24+02,2018-08-30 18:19:27.320047+02
1063,E220,t,591,2017-05-02 14:09:24+02,2018-08-30 18:19:26.940176+02
1062,E200,t,591,2017-05-02 14:09:24+02,2018-08-30 18:19:26.540076+02
1061,CLS63,t,587,2017-05-02 14:09:24+02,2018-08-30 18:19:25.680061+02
1060,CLS550,t,587,2017-05-02 14:09:24+02,2017-05-08 09:00:04+02
1059,CLS55,t,587,2017-05-02 14:09:24+02,2018-08-30 18:19:25.299958+02
1058,CLS500,t,587,2017-05-02 14:09:24+02,2018-08-30 18:19:24.879834+02
1057,CLS400,t,587,2017-05-02 14:09:24+02,2018-08-30 18:19:24.420164+02
1056,CLS300,t,587,2017-05-02 14:09:24+02,2017-05-08 09:00:04+02
1055,CLS280,t,587,2017-05-02 14:09:24+02,2018-08-30 18:19:24.019951+02
1054,CLS350,t,587,2017-05-02 14:09:24+02,2018-08-30 18:19:23.619571+02
1053,CLK63,t,585,2017-05-02 14:09:24+02,2018-08-30 18:19:22.80004+02
1052,CLK55,t,585,2017-05-02 14:09:24+02,2018-08-30 18:19:21.88042+02
1051,CLK500,t,585,2017-05-02 14:09:24+02,2017-05-08 09:00:04+02
1050,CLK430,t,585,2017-05-02 14:09:24+02,2017-05-08 09:00:04+02
1049,CLK350,t,585,2017-05-02 14:09:24+02,2017-05-08 09:00:04+02
1048,CLK320,t,585,2017-05-02 14:09:24+02,2017-05-08 09:00:04+02
1047,CLK300,t,585,2017-05-02 14:09:24+02,2017-05-08 09:00:04+02
1046,CLK280,t,585,2017-05-02 14:09:24+02,2017-05-08 09:00:04+02
1045,CLK240,t,585,2017-05-02 14:09:24+02,2017-05-08 09:00:04+02
1044,CLK230,t,585,2017-05-02 14:09:24+02,2017-05-08 09:00:04+02
1043,CLK200,t,585,2017-05-02 14:09:24+02,2017-05-08 09:00:04+02
1042,CL750,t,581,2017-05-02 14:09:24+02,2017-05-08 09:00:04+02
1041,CL65,t,581,2017-05-02 14:09:24+02,2018-08-30 18:19:19.299953+02
1040,CL63,t,581,2017-05-02 14:09:24+02,2018-08-30 18:19:18.899935+02
1039,CL600,t,581,2017-05-02 14:09:24+02,2018-08-30 18:19:18.43975+02
1038,CL550,t,581,2017-05-02 14:09:24+02,2017-05-08 09:00:04+02
1037,CL55,t,581,2017-05-02 14:09:24+02,2018-08-30 18:19:18.060125+02
1036,CL500,t,581,2017-05-02 14:09:24+02,2018-08-30 18:19:17.659894+02
1035,CLC200,t,584,2017-05-02 14:09:24+02,2018-08-30 18:19:21.339879+02
1034,CLA63,t,583,2017-05-02 14:09:24+02,2017-05-08 09:00:04+02
1033,CLA45,t,583,2017-05-02 14:09:24+02,2017-05-08 09:00:04+02
1032,CLA250,t,583,2017-05-02 14:09:24+02,2018-08-30 18:19:20.960835+02
1031,CLA200,t,583,2017-05-02 14:09:24+02,2018-08-30 18:19:20.561538+02
1030,C63,t,580,2017-05-02 14:09:24+02,2018-08-30 18:19:17.279829+02
1029,C55,t,580,2017-05-02 14:09:24+02,2018-08-30 18:19:16.900114+02
1028,C450,t,580,2017-05-02 14:09:24+02,2018-08-30 18:19:16.439875+02
1027,C43,t,580,2017-05-02 14:09:24+02,2017-05-08 09:00:04+02
1026,C400,t,580,2017-05-02 14:09:24+02,2018-08-30 18:19:15.902118+02
1025,C350,t,580,2017-05-02 14:09:24+02,2018-08-30 18:19:15.487102+02
1024,C320,t,580,2017-05-02 14:09:24+02,2018-08-30 18:19:15.099616+02
1023,C32,t,580,2017-05-02 14:09:24+02,2018-08-30 18:19:14.699963+02
1022,C300,t,580,2017-05-02 14:09:24+02,2018-08-30 18:19:14.299927+02
1021,C280,t,580,2017-05-02 14:09:24+02,2018-08-30 18:19:13.920169+02
1020,C250,t,580,2017-05-02 14:09:24+02,2018-08-30 18:19:13.520036+02
1019,C240,t,580,2017-05-02 14:09:24+02,2018-08-30 18:19:13.119779+02
1018,C230,t,580,2017-05-02 14:09:24+02,2018-08-30 18:19:12.740014+02
1017,C220,t,580,2017-05-02 14:09:24+02,2018-08-30 18:19:12.327676+02
1016,C200,t,580,2017-05-02 14:09:24+02,2018-08-30 18:19:11.93965+02
1015,C180,t,580,2017-05-02 14:09:24+02,2018-08-30 18:19:11.499917+02
1014,B63,t,578,2017-05-02 14:09:24+02,2017-05-16 15:55:00.836+02
1013,B200,t,578,2017-05-02 14:09:24+02,2018-08-30 18:19:11.120037+02
1012,B170,t,578,2017-05-02 14:09:24+02,2018-08-30 18:19:10.719537+02
1011,B160,t,578,2017-05-02 14:09:24+02,2018-08-30 18:19:10.307008+02
1010,B150,t,578,2017-05-02 14:09:24+02,2018-08-30 18:19:09.840181+02
1009,A45,t,576,2017-05-02 14:09:24+02,2017-05-08 09:00:04+02
1008,A250,t,576,2017-05-02 14:09:24+02,2018-08-30 18:19:09.441741+02
1007,A180,t,576,2017-05-02 14:09:24+02,2018-08-30 18:19:09.039632+02
1006,A150,t,576,2017-05-02 14:09:24+02,2018-08-30 18:19:08.580063+02
1005,12C,t,572,2017-05-02 14:09:24+02,2018-08-30 18:19:06.000078+02
1004,5,t,565,2017-05-02 14:09:24+02,2018-08-30 18:19:02.979754+02
1003,MC Stradale,t,543,2017-05-02 14:09:24+02,2018-08-30 18:18:58.107852+02
1002,MC Stradale,t,542,2017-05-02 14:09:24+02,2017-05-02 14:09:24+02
1001,430,t,519,2017-05-02 14:09:24+02,2017-05-08 09:00:04+02
1000,300,t,519,2017-05-02 14:09:24+02,2017-05-08 09:00:04+02
999,450,t,516,2017-05-02 14:09:24+02,2017-05-08 09:00:06+02
998,400,t,516,2017-05-02 14:09:24+02,2017-05-08 09:00:06+02
997,350,t,516,2017-05-02 14:09:24+02,2017-05-08 09:00:06+02
996,330,t,516,2017-05-02 14:09:24+02,2017-05-08 09:00:06+02
995,300,t,516,2017-05-02 14:09:24+02,2017-05-08 09:00:06+02
994,350,t,514,2017-05-02 14:09:24+02,2017-05-02 14:09:24+02
993,300,t,513,2017-05-02 14:09:24+02,2017-05-02 14:09:24+02
992,200,t,513,2017-05-02 14:09:24+02,2017-05-02 14:09:24+02
991,570,t,511,2017-05-02 14:09:24+02,2017-05-08 09:00:06+02
990,470,t,511,2017-05-02 14:09:24+02,2017-05-08 09:00:06+02
989,450,t,511,2017-05-02 14:09:24+02,2017-05-08 09:00:06+02
988,600,t,507,2017-05-02 14:09:24+02,2017-05-08 09:00:06+02
987,460,t,507,2017-05-02 14:09:24+02,2017-05-08 09:00:06+02
986,430,t,507,2017-05-02 14:09:24+02,2017-05-08 09:00:06+02
985,400,t,507,2017-05-02 14:09:24+02,2017-05-08 09:00:06+02
984,350,t,501,2017-05-02 14:09:24+02,2017-05-08 09:00:06+02
983,300,t,501,2017-05-02 14:09:24+02,2017-05-08 09:00:06+02
982,250,t,501,2017-05-02 14:09:24+02,2017-05-08 09:00:06+02
981,200,t,501,2017-05-02 14:09:24+02,2017-05-08 09:00:06+02
980,570,t,499,2017-05-02 14:09:24+02,2017-05-02 14:09:24+02
979,460,t,499,2017-05-02 14:09:24+02,2017-05-02 14:09:24+02
978,460,t,495,2017-05-02 14:09:24+02,2017-05-08 09:00:06+02
977,450,t,495,2017-05-02 14:09:24+02,2017-05-08 09:00:06+02
976,430,t,495,2017-05-02 14:09:24+02,2017-05-08 09:00:06+02
975,400,t,495,2017-05-02 14:09:24+02,2017-05-08 09:00:06+02
974,350,t,495,2017-05-02 14:09:24+02,2017-05-08 09:00:06+02
973,300,t,495,2017-05-02 14:09:24+02,2017-05-08 09:00:06+02
972,250,t,495,2017-05-02 14:09:24+02,2017-05-08 09:00:06+02
971,350,t,491,2017-05-02 14:09:24+02,2017-05-08 09:00:06+02
970,330,t,491,2017-05-02 14:09:24+02,2017-05-08 09:00:06+02
969,300,t,491,2017-05-02 14:09:24+02,2017-05-08 09:00:06+02
968,250,t,491,2017-05-02 14:09:24+02,2017-05-08 09:00:06+02
967,200,t,489,2017-05-02 14:09:24+02,2017-05-02 14:09:24+02
966,Vogue,t,485,2017-05-02 14:09:24+02,2017-05-08 09:00:06+02
965,Evoque,t,485,2017-05-02 14:09:24+02,2018-08-30 18:18:47.379783+02
964,Sport,t,485,2017-05-02 14:09:24+02,2018-08-30 18:18:46.980158+02
963,Sport,t,480,2017-05-02 14:09:24+02,2018-08-30 18:18:45.627935+02
962,90,t,478,2017-05-02 14:09:24+02,2018-08-30 18:18:44.720196+02
961,60,t,478,2017-05-02 14:09:24+02,2017-05-02 14:09:24+02
960,130,t,478,2017-05-02 14:09:24+02,2017-05-02 14:09:24+02
959,110,t,478,2017-05-02 14:09:24+02,2018-08-30 18:18:44.339965+02
958,LP 640,t,477,2017-05-02 14:09:24+02,2018-08-30 18:18:43.428233+02
957,LR 610-4,t,476,2017-05-02 14:09:24+02,2017-05-08 09:00:06+02
956,LP 610-4,t,476,2017-05-02 14:09:24+02,2018-08-30 18:18:42.519978+02
955,LP 580-2,t,476,2017-05-02 14:09:24+02,2018-08-30 18:18:42.119915+02
954,LP 570-4,t,474,2017-05-02 14:09:24+02,2018-08-30 18:18:41.239681+02
953,LR 560,t,474,2017-05-02 14:09:24+02,2017-05-08 09:00:06+02
952,LP 560,t,474,2017-05-02 14:09:24+02,2017-05-08 09:00:06+02
951,LP 550-2,t,474,2017-05-02 14:09:24+02,2018-08-30 18:18:40.848219+02
950,LR 750,t,472,2017-05-02 14:09:24+02,2017-05-02 14:09:24+02
949,LP 750,t,472,2017-05-02 14:09:24+02,2017-05-02 14:09:24+02
948,LP 720-4,t,472,2017-05-02 14:09:24+02,2017-05-02 14:09:24+02
947,LP 700,t,472,2017-05-02 14:09:24+02,2017-05-02 14:09:24+02
946,LP 700-4,t,472,2017-05-02 14:09:24+02,2018-08-30 18:18:39.800121+02
945,R,t,1071,2017-05-02 14:09:24+02,2018-08-30 18:18:37.819789+02
944,SRT,t,445,2017-05-02 14:09:23+02,2017-05-08 09:00:06+02
943,Sport,t,445,2017-05-02 14:09:23+02,2017-05-08 09:00:06+02
942,Sahara,t,445,2017-05-02 14:09:23+02,2017-05-08 09:00:06+02
941,Rubicon,t,445,2017-05-02 14:09:23+02,2018-08-30 18:18:30.619864+02
940,SRT,t,441,2017-05-02 14:09:23+02,2018-08-30 18:18:28.839484+02
939,Overland,t,441,2017-05-02 14:09:23+02,2017-05-08 09:00:06+02
938,Limited,t,441,2017-05-02 14:09:23+02,2017-05-08 09:00:06+02
937,Laredo,t,441,2017-05-02 14:09:23+02,2017-05-08 09:00:06+02
936,Limited,t,440,2017-05-02 14:09:23+02,2017-05-08 09:00:06+02
935,Trailhawk,t,438,2017-05-02 14:09:23+02,2017-05-08 09:00:06+02
934,Limited,t,438,2017-05-02 14:09:23+02,2017-05-08 09:00:06+02
933,R,t,436,2017-05-02 14:09:23+02,2018-08-30 18:18:26.19999+02
932,IR,t,436,2017-05-02 14:09:23+02,2017-05-08 09:00:06+02
931,8,t,436,2017-05-02 14:09:23+02,2018-08-30 18:18:25.619813+02
930,R,t,433,2017-05-02 14:09:23+02,2018-08-30 18:18:24.59986+02
929,L,t,433,2017-05-02 14:09:23+02,2017-05-08 09:00:06+02
928,8,t,433,2017-05-02 14:09:23+02,2017-05-08 09:00:06+02
927,6,t,433,2017-05-02 14:09:23+02,2017-05-08 09:00:06+02
926,12,t,433,2017-05-02 14:09:23+02,2017-05-08 09:00:06+02
925,R-S,t,431,2017-05-02 14:09:23+02,2017-05-08 09:00:06+02
924,35,t,403,2017-05-02 14:09:23+02,2018-08-30 18:18:16.720307+02
923,80,t,414,2017-05-02 14:09:23+02,2018-08-30 18:18:21.779882+02
922,70,t,414,2017-05-02 14:09:23+02,2018-08-30 18:18:21.300192+02
921,65,t,414,2017-05-02 14:09:23+02,2017-05-08 09:00:06+02
920,60,t,414,2017-05-02 14:09:23+02,2018-08-30 18:18:20.860111+02
919,56,t,414,2017-05-02 14:09:23+02,2017-05-08 09:00:06+02
918,50,t,414,2017-05-02 14:09:23+02,2018-08-30 18:18:20.399864+02
917,80,t,410,2017-05-02 14:09:23+02,2017-05-08 09:00:06+02
916,70,t,410,2017-05-02 14:09:23+02,2018-08-30 18:18:19.999842+02
915,60,t,410,2017-05-02 14:09:23+02,2018-08-30 18:18:19.599863+02
914,50,t,410,2017-05-02 14:09:23+02,2018-08-30 18:18:19.199894+02
913,45,t,410,2017-05-02 14:09:23+02,2018-08-30 18:18:18.819893+02
912,40,t,410,2017-05-02 14:09:23+02,2018-08-30 18:18:18.319821+02
911,35,t,410,2017-05-02 14:09:23+02,2017-05-08 09:00:06+02
910,56,t,405,2017-05-02 14:09:23+02,2017-05-08 09:00:06+02
909,45,t,405,2017-05-02 14:09:23+02,2018-08-30 18:18:17.879991+02
908,37,t,405,2017-05-02 14:09:23+02,2017-05-08 09:00:06+02
907,35,t,405,2017-05-02 14:09:23+02,2018-08-30 18:18:17.499602+02
906,37,t,397,2017-05-02 14:09:23+02,2018-08-30 18:18:16.319989+02
905,35,t,397,2017-05-02 14:09:23+02,2018-08-30 18:18:15.919907+02
904,25,t,397,2017-05-02 14:09:23+02,2018-08-30 18:18:15.539739+02
903,50,t,395,2017-05-02 14:09:23+02,2017-05-08 09:00:06+02
902,45,t,395,2017-05-02 14:09:23+02,2017-05-08 09:00:06+02
901,37,t,395,2017-05-02 14:09:23+02,2017-05-08 09:00:06+02
900,35,t,395,2017-05-02 14:09:23+02,2017-05-08 09:00:06+02
899,37,t,393,2017-05-02 14:09:23+02,2017-05-08 09:00:06+02
898,35,t,393,2017-05-02 14:09:23+02,2017-05-08 09:00:06+02
897,GT,t,368,2017-05-02 14:09:23+02,2018-08-30 18:18:05.578223+02
896,GLS,t,368,2017-05-02 14:09:23+02,2017-05-08 09:00:06+02
895,GL,t,368,2017-05-02 14:09:23+02,2017-05-08 09:00:06+02
894,VS,t,366,2017-05-02 14:09:23+02,2017-05-02 14:09:23+02
893,VT,t,345,2017-05-02 14:09:23+02,2017-05-08 09:00:06+02
892,R Type,t,345,2017-05-02 14:09:23+02,2018-08-30 18:17:57.318788+02
891,LX,t,345,2017-05-02 14:09:23+02,2017-05-08 09:00:06+02
890,VT,t,342,2017-05-02 14:09:23+02,2017-05-08 09:00:06+02
889,LX,t,342,2017-05-02 14:09:23+02,2017-05-08 09:00:06+02
888,EX,t,342,2017-05-02 14:09:23+02,2017-05-08 09:00:06+02
887,SLT,t,339,2017-05-02 14:09:23+02,2017-05-08 09:00:06+02
886,SL,t,339,2017-05-02 14:09:23+02,2017-05-08 09:00:06+02
885,SLE,t,339,2017-05-02 14:09:23+02,2017-05-08 09:00:06+02
884,GT,t,339,2017-05-02 14:09:23+02,2017-05-08 09:00:06+02
883,Denali,t,339,2017-05-02 14:09:23+02,2018-08-30 18:17:54.718126+02
882,SLT,t,338,2017-05-02 14:09:23+02,2017-05-02 14:09:23+02
881,SLE,t,338,2017-05-02 14:09:23+02,2017-05-02 14:09:23+02
880,SLT,t,328,2017-05-02 14:09:23+02,2017-05-08 09:00:06+02
879,Denali,t,328,2017-05-02 14:09:23+02,2017-05-08 09:00:06+02
878,Karma,f,1139,2017-05-02 14:09:23+02,2017-05-02 14:09:23+02
877,Sport,t,1114,2017-05-02 14:09:23+02,2017-05-08 09:00:06+02
876,SEL,t,1114,2017-05-02 14:09:23+02,2017-05-08 09:00:06+02
875,SE,t,1114,2017-05-02 14:09:23+02,2017-05-08 09:00:06+02
874,SHO,t,317,2017-05-02 14:09:23+02,2018-08-30 18:17:51.177808+02
873,SEL,t,317,2017-05-02 14:09:23+02,2017-05-08 09:00:06+02
872,Limited,t,317,2017-05-02 14:09:23+02,2017-05-08 09:00:06+02
871,Super Duty,t,290,2017-05-02 14:09:23+02,2017-05-08 09:00:06+02
870,Raptor Shelby,t,290,2017-05-02 14:09:23+02,2017-05-08 09:00:06+02
869,Raptor Roush,t,290,2017-05-02 14:09:23+02,2017-05-08 09:00:06+02
868,UBB,t,312,2017-05-02 14:09:23+02,2017-05-08 09:00:06+02
867,Shelby GT,t,312,2017-05-02 14:09:23+02,2017-05-08 09:00:06+02
866,Shelby,t,312,2017-05-02 14:09:23+02,2017-05-08 09:00:06+02
865,Roush,t,312,2017-05-02 14:09:23+02,2017-05-08 09:00:06+02
864,GT,t,312,2017-05-02 14:09:23+02,2018-08-30 18:17:49.69787+02
863,Titanium,t,303,2017-05-02 14:09:23+02,2017-05-08 09:00:06+02
862,Limited,t,302,2017-05-02 14:09:23+02,2017-05-08 09:00:06+02
861,XLT,t,290,2017-05-02 14:09:23+02,2017-05-08 09:00:06+02
860,X Metal,t,290,2017-05-02 14:09:23+02,2017-05-08 09:00:06+02
859,Shelby,t,290,2017-05-02 14:09:23+02,2017-05-08 09:00:06+02
858,Roush,t,290,2017-05-02 14:09:23+02,2017-05-08 09:00:06+02
857,Raptor,t,290,2017-05-02 14:09:23+02,2018-08-30 18:17:43.837486+02
856,FX4,t,290,2017-05-02 14:09:23+02,2017-05-08 09:00:06+02
855,XLT,t,289,2017-05-02 14:09:23+02,2017-05-08 09:00:06+02
854,Limited,t,289,2017-05-02 14:09:23+02,2017-05-08 09:00:06+02
853,XLT,t,288,2017-05-02 14:09:23+02,2017-05-08 09:00:06+02
852,Limited,t,288,2017-05-02 14:09:23+02,2017-05-08 09:00:06+02
851,XLT,t,284,2017-05-02 14:09:23+02,2017-05-08 09:00:06+02
850,SE,t,284,2017-05-02 14:09:23+02,2017-05-08 09:00:06+02
849,LX,t,280,2017-05-02 14:09:23+02,2017-05-08 09:00:06+02
848,L,t,268,2017-05-02 14:09:23+02,2018-08-30 18:17:37.837996+02
847,X,t,268,2017-05-02 14:09:23+02,2018-08-30 18:17:37.438189+02
846,Abarth,t,268,2017-05-02 14:09:23+02,2018-08-30 18:17:37.037917+02
845,HGTE,t,259,2017-05-02 14:09:23+02,2017-05-02 14:09:23+02
844,GTO,t,259,2017-05-02 14:09:23+02,2017-05-02 14:09:23+02
843,GTB,t,259,2017-05-02 14:09:23+02,2018-08-30 18:17:31.517897+02
842,Spider,t,1054,2017-05-02 14:09:23+02,2018-08-30 18:17:28.337924+02
841,GTB,t,1054,2017-05-02 14:09:23+02,2018-08-30 18:17:27.938134+02
840,Pininfaina,t,266,2017-05-02 14:09:23+02,2017-05-02 14:09:23+02
839,Spider,t,264,2017-05-02 14:09:23+02,2018-08-30 18:17:34.457633+02
838,Scuderia,t,264,2017-05-02 14:09:23+02,2018-08-30 18:17:34.057947+02
837,Berlinetta,t,263,2017-05-02 14:09:23+02,2018-08-30 18:17:33.237715+02
836,TDF,t,263,2017-05-02 14:09:23+02,2018-08-30 18:17:32.837511+02
835,Spider,t,256,2017-05-02 14:09:23+02,2018-08-30 18:17:30.717669+02
834,Speciale,t,256,2017-05-02 14:09:23+02,2018-08-30 18:17:30.31804+02
833,Italia,t,256,2017-05-02 14:09:23+02,2018-08-30 18:17:29.917992+02
832,Modena,t,253,2017-05-02 14:09:23+02,2018-08-30 18:17:29.137974+02
831,SRT,t,252,2017-05-02 14:09:23+02,2018-08-30 18:17:27.118442+02
830,SRT,t,245,2017-05-02 14:09:23+02,2017-05-08 09:00:06+02
829,1500 SLT,t,245,2017-05-02 14:09:23+02,2017-05-08 09:00:06+02
828,1500,t,245,2017-05-02 14:09:23+02,2017-05-08 09:00:06+02
827,SRT,t,244,2017-05-02 14:09:23+02,2017-05-02 14:09:23+02
826,SRT,t,238,2017-05-02 14:09:23+02,2018-08-30 18:17:24.838241+02
825,SLT,t,238,2017-05-02 14:09:23+02,2017-05-08 09:00:06+02
824,R/T,t,238,2017-05-02 14:09:23+02,2017-05-08 09:00:06+02
823,Limited,t,238,2017-05-02 14:09:23+02,2017-05-08 09:00:06+02
822,SRT,t,237,2017-05-02 14:09:23+02,2017-05-02 14:09:23+02
821,SLT,t,237,2017-05-02 14:09:23+02,2017-05-02 14:09:23+02
820,R/T,t,237,2017-05-02 14:09:23+02,2017-05-02 14:09:23+02
819,Limited,t,237,2017-05-02 14:09:23+02,2017-05-02 14:09:23+02
818,R/T,t,235,2017-05-02 14:09:23+02,2017-05-08 09:00:06+02
817,SXT,t,234,2017-05-02 14:09:23+02,2017-05-08 09:00:06+02
816,SRT,t,234,2017-05-02 14:09:23+02,2018-08-30 18:17:22.638091+02
815,R/T,t,234,2017-05-02 14:09:23+02,2017-05-08 09:00:06+02
814,SRT,t,233,2017-05-02 14:09:23+02,2018-08-30 18:17:21.65785+02
813,R/T,t,233,2017-05-02 14:09:23+02,2017-05-08 09:00:06+02
812,SRT,t,231,2017-05-02 14:09:23+02,2017-05-02 14:09:23+02
811,Limited,t,201,2017-05-02 14:09:23+02,2017-05-08 09:00:06+02
810,S,t,201,2017-05-02 14:09:23+02,2017-05-08 09:00:06+02
809,C SRT,t,201,2017-05-02 14:09:23+02,2018-08-30 18:17:12.871751+02
808,C,t,201,2017-05-02 14:09:23+02,2018-08-30 18:17:12.49182+02
807,Touring,t,199,2017-05-02 14:09:23+02,2017-05-08 09:00:06+02
806,Limited,t,199,2017-05-02 14:09:23+02,2017-05-08 09:00:06+02
805,C,t,199,2017-05-02 14:09:23+02,2017-05-08 09:00:06+02
804,LTZ,t,195,2017-05-02 14:09:23+02,2017-05-02 14:09:23+02
803,LTZ,t,194,2017-05-02 14:09:23+02,2017-05-08 09:00:06+02
802,LT,t,194,2017-05-02 14:09:23+02,2017-05-08 09:00:06+02
801,LS,t,194,2017-05-02 14:09:23+02,2017-05-08 09:00:06+02
800,LTZ,t,193,2017-05-02 14:09:23+02,2017-05-08 09:00:06+02
799,LT,t,193,2017-05-02 14:09:23+02,2017-05-08 09:00:06+02
798,LTZ,t,191,2017-05-02 14:09:23+02,2017-05-08 09:00:06+02
797,LT,t,191,2017-05-02 14:09:23+02,2017-05-08 09:00:06+02
796,LS,t,191,2017-05-02 14:09:23+02,2017-05-08 09:00:06+02
795,LTZ,t,187,2017-05-02 14:09:23+02,2017-05-08 09:00:06+02
794,LT,t,187,2017-05-02 14:09:23+02,2017-05-08 09:00:06+02
793,LS,t,187,2017-05-02 14:09:23+02,2017-05-08 09:00:06+02
792,Reaper,t,183,2017-05-02 14:09:23+02,2017-05-08 09:00:06+02
791,LTZ,t,183,2017-05-02 14:09:23+02,2017-05-08 09:00:06+02
790,LT,t,183,2017-05-02 14:09:23+02,2017-05-08 09:00:06+02
789,LS,t,183,2017-05-02 14:09:23+02,2017-05-08 09:00:06+02
788,LTZ,t,177,2017-05-02 14:09:23+02,2017-05-08 09:00:06+02
787,LT,t,177,2017-05-02 14:09:23+02,2017-05-08 09:00:06+02
786,LS,t,177,2017-05-02 14:09:23+02,2017-05-08 09:00:06+02
785,SS,t,172,2017-05-02 14:09:23+02,2018-08-30 18:17:05.131775+02
784,LTZ,t,172,2017-05-02 14:09:23+02,2017-05-02 14:09:23+02
783,LT,t,172,2017-05-02 14:09:23+02,2017-05-02 14:09:23+02
782,LS,t,172,2017-05-02 14:09:23+02,2017-05-02 14:09:23+02
781,LTZ,t,166,2017-05-02 14:09:23+02,2017-05-02 14:09:23+02
780,LT,t,166,2017-05-02 14:09:23+02,2017-05-02 14:09:23+02
779,LS,t,166,2017-05-02 14:09:23+02,2017-05-02 14:09:23+02
778,C7,t,164,2017-05-02 14:09:23+02,2018-08-30 18:17:03.691744+02
777,C6,t,164,2017-05-02 14:09:23+02,2018-08-30 18:17:03.291702+02
776,C5,t,164,2017-05-02 14:09:23+02,2018-08-30 18:17:02.898452+02
775,C1,t,164,2017-05-02 14:09:23+02,2018-08-30 18:17:02.491827+02
774,LTZ,t,156,2017-05-02 14:09:23+02,2017-05-08 09:00:06+02
773,LT,t,156,2017-05-02 14:09:23+02,2017-05-08 09:00:06+02
772,LS,t,156,2017-05-02 14:09:23+02,2017-05-08 09:00:06+02
771,SS,t,155,2017-05-02 14:09:23+02,2017-05-08 09:00:06+02
770,LTZ,t,155,2017-05-02 14:09:23+02,2017-05-08 09:00:06+02
769,LS,t,155,2017-05-02 14:09:23+02,2017-05-08 09:00:06+02
768,SS,t,154,2017-05-02 14:09:23+02,2018-08-30 18:17:00.391763+02
767,RS,t,154,2017-05-02 14:09:23+02,2017-05-08 09:00:06+02
766,LS,t,154,2017-05-02 14:09:23+02,2017-05-08 09:00:06+02
765,LS,t,150,2017-05-02 14:09:23+02,2017-05-08 09:00:06+02
764,LE,t,150,2017-05-02 14:09:23+02,2017-05-08 09:00:06+02
763,LT,t,1107,2017-05-02 14:09:23+02,2017-05-02 14:09:23+02
762,LS,t,1107,2017-05-02 14:09:23+02,2017-05-02 14:09:23+02
761,LTZ,t,1108,2017-05-02 14:09:23+02,2017-05-08 09:00:06+02
760,XL,t,130,2017-05-02 14:09:23+02,2017-05-08 09:00:06+02
759,16.4 Super Sport,t,110,2017-05-02 14:09:23+02,2018-08-30 18:16:53.871476+02
758,16.4 Grand Sport,t,110,2017-05-02 14:09:23+02,2018-08-30 18:16:53.411826+02
757,16.4,t,110,2017-05-02 14:09:23+02,2017-05-02 14:09:23+02
756,428,t,74,2017-05-02 14:09:23+02,2017-05-08 09:00:06+02
755,B7 Biturbo,t,81,2017-05-02 14:09:23+02,2017-05-08 09:00:06+02
754,B7,t,81,2017-05-02 14:09:23+02,2017-05-08 09:00:06+02
753,B5 S,t,75,2017-05-02 14:09:23+02,2017-05-08 09:00:06+02
752,B5,t,75,2017-05-02 14:09:23+02,2017-05-08 09:00:06+02
751,760Li,t,81,2017-05-02 14:09:23+02,2018-08-30 18:16:48.111648+02
750,750iL,t,81,2017-05-02 14:09:23+02,2018-08-30 18:16:47.711695+02
749,750i,t,81,2017-05-02 14:09:23+02,2018-08-30 18:16:47.311882+02
748,750Li,t,81,2017-05-02 14:09:23+02,2018-08-30 18:16:46.900173+02
747,745Li,t,81,2017-05-02 14:09:23+02,2018-08-30 18:16:46.491783+02
746,745i,t,81,2017-05-02 14:09:23+02,2018-08-30 18:16:46.111824+02
745,740i,t,81,2017-05-02 14:09:23+02,2018-08-30 18:16:45.731717+02
744,740Li,t,81,2017-05-02 14:09:23+02,2018-08-30 18:16:45.319922+02
743,735Li,t,81,2017-05-02 14:09:23+02,2018-08-30 18:16:44.911924+02
742,730,t,81,2017-05-02 14:09:23+02,2018-08-30 18:16:44.532357+02
741,730Li,t,81,2017-05-02 14:09:23+02,2018-08-30 18:16:44.138643+02
740,728,t,81,2017-05-02 14:09:23+02,2018-08-30 18:16:43.691622+02
739,650i,t,79,2017-05-02 14:09:23+02,2018-08-30 18:16:42.891658+02
738,645Ci,t,79,2017-05-02 14:09:23+02,2018-08-30 18:16:42.439245+02
737,645,t,79,2017-05-02 14:09:23+02,2017-05-08 09:00:06+02
736,640i,t,79,2017-05-02 14:09:23+02,2018-08-30 18:16:42.039447+02
735,630i,t,79,2017-05-02 14:09:23+02,2018-08-30 18:16:41.491332+02
734,550i,t,75,2017-05-02 14:09:23+02,2018-08-30 18:16:41.078826+02
733,545i,t,75,2017-05-02 14:09:23+02,2018-08-30 18:16:40.691303+02
732,540i,t,75,2017-05-02 14:09:23+02,2018-08-30 18:16:40.291705+02
731,535i,t,75,2017-05-02 14:09:23+02,2018-08-30 18:16:39.879853+02
730,530i,t,75,2017-05-02 14:09:23+02,2018-08-30 18:16:39.471423+02
729,528i,t,75,2017-05-02 14:09:23+02,2018-08-30 18:16:39.067816+02
728,525i,t,75,2017-05-02 14:09:23+02,2018-08-30 18:16:38.631515+02
727,523i,t,75,2017-05-02 14:09:23+02,2018-08-30 18:16:38.231916+02
726,520i,t,75,2017-05-02 14:09:23+02,2018-08-30 18:16:37.773144+02
725,435i,t,74,2017-05-02 14:09:23+02,2018-08-30 18:16:37.391866+02
724,428i,t,74,2017-05-02 14:09:23+02,2018-08-30 18:16:36.991954+02
723,420i,t,74,2017-05-02 14:09:23+02,2018-08-30 18:16:36.55211+02
722,350Ci,t,72,2017-05-02 14:09:23+02,2017-05-08 09:00:06+02
721,335i,t,72,2017-05-02 14:09:23+02,2018-08-30 18:16:36.171621+02
720,330i,t,72,2017-05-02 14:09:23+02,2018-08-30 18:16:35.77162+02
719,330ci,t,72,2017-05-02 14:09:23+02,2018-08-30 18:16:35.392297+02
718,328i,t,72,2017-05-02 14:09:23+02,2018-08-30 18:16:35.012109+02
717,325i,t,72,2017-05-02 14:09:23+02,2018-08-30 18:16:34.61177+02
716,323i,t,72,2017-05-02 14:09:23+02,2018-08-30 18:16:34.211401+02
715,320i,t,72,2017-05-02 14:09:23+02,2018-08-30 18:16:33.791592+02
714,320,t,72,2017-05-02 14:09:23+02,2018-08-30 18:16:33.378831+02
713,318i,t,72,2017-05-02 14:09:23+02,2018-08-30 18:16:32.939105+02
712,316i,t,72,2017-05-02 14:09:23+02,2018-08-30 18:16:32.531912+02
711,235M,t,71,2017-05-02 14:09:23+02,2017-05-08 09:00:06+02
710,228i,t,71,2017-05-02 14:09:23+02,2018-08-30 18:16:30.859068+02
709,220i,t,71,2017-05-02 14:09:23+02,2018-08-30 18:16:30.379031+02
708,135i,t,69,2017-05-02 14:09:23+02,2018-08-30 18:16:29.952173+02
707,128i,t,69,2017-05-02 14:09:23+02,2018-08-30 18:16:29.531719+02
706,125i,t,69,2017-05-02 14:09:23+02,2018-08-30 18:16:28.771848+02
705,120i,t,69,2017-05-02 14:09:23+02,2018-08-30 18:16:28.39194+02
704,118i,t,69,2017-05-02 14:09:23+02,2018-08-30 18:16:27.992187+02
703,116i,t,69,2017-05-02 14:09:23+02,2018-08-30 18:16:27.612064+02
702,GTC,t,63,2017-05-02 14:09:23+02,2018-08-30 18:16:24.131664+02
701,GT3,t,63,2017-05-02 14:09:23+02,2017-05-08 09:00:06+02
700,GT,t,63,2017-05-02 14:09:23+02,2018-08-30 18:16:23.751847+02
699,Flying Spur,t,63,2017-05-02 14:09:23+02,2018-08-30 18:16:23.351989+02
698,W12,t,67,2017-05-02 14:09:23+02,2017-05-08 09:00:06+02
697,V8,t,67,2017-05-02 14:09:23+02,2017-05-08 09:00:06+02
696,RS,t,58,2017-05-02 14:09:23+02,2018-08-30 18:16:20.592097+02
695,L,t,43,2017-05-02 14:09:23+02,2018-08-30 18:16:13.591935+02
694,V12,t,1129,2017-05-02 14:09:23+02,2018-08-30 18:16:05.492015+02
693,V8,t,1129,2017-05-02 14:09:23+02,2018-08-30 18:16:05.111864+02
692,Q,t,33,2017-05-02 14:09:23+02,2017-05-08 09:00:06+02
691,Volante,t,23,2017-05-02 14:09:23+02,2018-08-30 18:16:06.251867+02
690,QV,t,18,2017-05-02 14:09:23+02,2018-08-30 18:16:03.172117+02
